,collaborative,description,href,id,images,name,primary_color,public,snapshot_id,type,uri,external_urls.spotify,owner.display_name,owner.external_urls.spotify,owner.href,owner.id,owner.type,owner.uri,tracks.href,tracks.total
0,False,,https://api.spotify.com/v1/playlists/36QLe0OBMLKhnpkD46ny6s,36QLe0OBMLKhnpkD46ny6s,"[{'height': None, 'url': 'https://i.scdn.co/image/ab67706c0000bebbacc8405f1b866bfe897da66a', 'width': None}]",Barbecue Music,,,MzczLGE3MTk3NjM0Y2E2ZDcwZmI2ZWQxYWQzOTRmNDFmMzY5MDAxY2MxY2I=,playlist,spotify:playlist:36QLe0OBMLKhnpkD46ny6s,https://open.spotify.com/playlist/36QLe0OBMLKhnpkD46ny6s,Bobby Fagan,https://open.spotify.com/user/12120278879,https://api.spotify.com/v1/users/12120278879,12120278879,user,spotify:user:12120278879,https://api.spotify.com/v1/playlists/36QLe0OBMLKhnpkD46ny6s/tracks,264
1,False,,https://api.spotify.com/v1/playlists/5o31l6A7sYORBgh3vBThKR,5o31l6A7sYORBgh3vBThKR,"[{'height': 640, 'url': 'https://mosaic.scdn.co/640/ab67616d0000b273a7ad64a69a42647de9dd0dadab67616d0000b273a8b9f97b9ea065b9a857e93fab67616d0000b273f7f74100d5cc850e01172cbfab67616d0000b273fde79b88e2a659c394c5ae30', 'width': 640}, {'height': 300, 'url': 'https://mosaic.scdn.co/300/ab67616d0000b273a7ad64a69a42647de9dd0dadab67616d0000b273a8b9f97b9ea065b9a857e93fab67616d0000b273f7f74100d5cc850e01172cbfab67616d0000b273fde79b88e2a659c394c5ae30', 'width': 300}, {'height': 60, 'url': 'https://mosaic.scdn.co/60/ab67616d0000b273a7ad64a69a42647de9dd0dadab67616d0000b273a8b9f97b9ea065b9a857e93fab67616d0000b273f7f74100d5cc850e01172cbfab67616d0000b273fde79b88e2a659c394c5ae30', 'width': 60}]",Hip Hop Barbecue,,,OTUsN2E1YmU0YjkxZTE3ODc1ZmE5ZmM3OGEzNDhmNmFkNGRkYzgyMGE3Yg==,playlist,spotify:playlist:5o31l6A7sYORBgh3vBThKR,https://open.spotify.com/playlist/5o31l6A7sYORBgh3vBThKR,jjfriedm-us,https://open.spotify.com/user/jjfriedm-us,https://api.spotify.com/v1/users/jjfriedm-us,jjfriedm-us,user,spotify:user:jjfriedm-us,https://api.spotify.com/v1/playlists/5o31l6A7sYORBgh3vBThKR/tracks,80
2,False,Barbecue music picked just for you,https://api.spotify.com/v1/playlists/37i9dQZF1EIdLHeQmckp3n,37i9dQZF1EIdLHeQmckp3n,"[{'height': None, 'url': 'https://i.scdn.co/image/ab676d6300001475c94f0460f56b39d2e754a403', 'width': None}]",Barbecue music,,,MTg5MjYsMDAwMDAwMDA5MjcxMGY4YjMwZmY3MzYzNzJkNTY2ODVlNjFhNDk5Ng==,playlist,spotify:playlist:37i9dQZF1EIdLHeQmckp3n,https://open.spotify.com/playlist/37i9dQZF1EIdLHeQmckp3n,Spotify,https://open.spotify.com/user/spotify,https://api.spotify.com/v1/users/spotify,spotify,user,spotify:user:spotify,https://api.spotify.com/v1/playlists/37i9dQZF1EIdLHeQmckp3n/tracks,50
3,False,The perfect soundtrack recipe for a backyard barbecue! ,https://api.spotify.com/v1/playlists/37i9dQZF1DXbIbVYph0Zr5,37i9dQZF1DXbIbVYph0Zr5,"[{'height': None, 'url': 'https://i.scdn.co/image/ab67706f000000033c5a340bdd0bc167ad56f064', 'width': None}]",Country Cookout,,,MTYzNTI1MjMwNywwMDAwMDAwMGQ0MWQ4Y2Q5OGYwMGIyMDRlOTgwMDk5OGVjZjg0Mjdl,playlist,spotify:playlist:37i9dQZF1DXbIbVYph0Zr5,https://open.spotify.com/playlist/37i9dQZF1DXbIbVYph0Zr5,Spotify,https://open.spotify.com/user/spotify,https://api.spotify.com/v1/users/spotify,spotify,user,spotify:user:spotify,https://api.spotify.com/v1/playlists/37i9dQZF1DXbIbVYph0Zr5/tracks,120
4,False,,https://api.spotify.com/v1/playlists/2rWsPvkHvPUJA3gRx85gZn,2rWsPvkHvPUJA3gRx85gZn,"[{'height': 640, 'url': 'https://mosaic.scdn.co/640/ab67616d0000b2731ba5682505dd6e2592b16e41ab67616d0000b273988ede5e1276e758b5f9e577ab67616d0000b273b1c4b76e23414c9f20242268ab67616d0000b273b5d4730e54f84c66c70fe60a', 'width': 640}, {'height': 300, 'url': 'https://mosaic.scdn.co/300/ab67616d0000b2731ba5682505dd6e2592b16e41ab67616d0000b273988ede5e1276e758b5f9e577ab67616d0000b273b1c4b76e23414c9f20242268ab67616d0000b273b5d4730e54f84c66c70fe60a', 'width': 300}, {'height': 60, 'url': 'https://mosaic.scdn.co/60/ab67616d0000b2731ba5682505dd6e2592b16e41ab67616d0000b273988ede5e1276e758b5f9e577ab67616d0000b273b1c4b76e23414c9f20242268ab67616d0000b273b5d4730e54f84c66c70fe60a', 'width': 60}]",Barbecue songs,,,MjQzLGMxYTYwMGJiMDgyNjdiNzhmYWQxMTdhOTNmYWYwYTc0YTRkYWVjYTU=,playlist,spotify:playlist:2rWsPvkHvPUJA3gRx85gZn,https://open.spotify.com/playlist/2rWsPvkHvPUJA3gRx85gZn,Marina Sanches,https://open.spotify.com/user/marina_sanches,https://api.spotify.com/v1/users/marina_sanches,marina_sanches,user,spotify:user:marina_sanches,https://api.spotify.com/v1/playlists/2rWsPvkHvPUJA3gRx85gZn/tracks,86
5,False,,https://api.spotify.com/v1/playlists/17mTy0UMHTw2gkpL80ofoo,17mTy0UMHTw2gkpL80ofoo,"[{'height': None, 'url': 'https://i.scdn.co/image/ab67706c0000bebb6e97ab0532daaede0ace793e', 'width': None}]",Barbecue entre amis,,,NjgsZDIwYjBiYjMwYTNhNjU3ZjA4OTRmZmQzZTk3NjA2ZjNlZDQxMTZmMA==,playlist,spotify:playlist:17mTy0UMHTw2gkpL80ofoo,https://open.spotify.com/playlist/17mTy0UMHTw2gkpL80ofoo,Digster France,https://open.spotify.com/user/digster.fr,https://api.spotify.com/v1/users/digster.fr,digster.fr,user,spotify:user:digster.fr,https://api.spotify.com/v1/playlists/17mTy0UMHTw2gkpL80ofoo/tracks,161
6,False,,https://api.spotify.com/v1/playlists/4YGicclvfHaDl9NlFkxBep,4YGicclvfHaDl9NlFkxBep,"[{'height': None, 'url': 'https://i.scdn.co/image/ab67706c0000bebb3b082a4273d9c8ae15a7bf38', 'width': None}]",barbecue stains on my white tshirt. darn.,,,MTI2LDNiMjY4ODY5ZjY1NDUxOGVlMjBiNWNhYjdlOWJhYzkyYTE5ZDAwMDk=,playlist,spotify:playlist:4YGicclvfHaDl9NlFkxBep,https://open.spotify.com/playlist/4YGicclvfHaDl9NlFkxBep,alicia rose,https://open.spotify.com/user/aliciatsao9000,https://api.spotify.com/v1/users/aliciatsao9000,aliciatsao9000,user,spotify:user:aliciatsao9000,https://api.spotify.com/v1/playlists/4YGicclvfHaDl9NlFkxBep/tracks,108
7,False,Sevdiklerinizle bir araya geldiƒüiniz muhte≈üem bir yemekte size e≈ülik edecek ≈üarkƒ±lar bu listede!,https://api.spotify.com/v1/playlists/5tm0kVPZTc6EMjxHt4fFyR,5tm0kVPZTc6EMjxHt4fFyR,"[{'height': None, 'url': 'https://i.scdn.co/image/ab67706c0000bebbec9db8c8e9412d666e3f3e52', 'width': None}]",Barbecue Party,,,ODYyLGYzOTRkZTc0ZGI4MmViYzFlZDY0YjlhMjE2ZmU1ZjAyMTEzZmQzM2E=,playlist,spotify:playlist:5tm0kVPZTc6EMjxHt4fFyR,https://open.spotify.com/playlist/5tm0kVPZTc6EMjxHt4fFyR,Digster T√ºrkiye,https://open.spotify.com/user/digstert%C3%BCrkiye,https://api.spotify.com/v1/users/digstert%C3%BCrkiye,digstert√ºrkiye,user,spotify:user:digstert%C3%BCrkiye,https://api.spotify.com/v1/playlists/5tm0kVPZTc6EMjxHt4fFyR/tracks,50
8,False,,https://api.spotify.com/v1/playlists/2Kk7Hrs5sFC8TmIr2tsHgr,2Kk7Hrs5sFC8TmIr2tsHgr,"[{'height': None, 'url': 'https://i.scdn.co/image/ab67706c0000bebba933333e24c5a196062d4ad6', 'width': None}]",Grillen | Grillparty | BBQ | Barbecue 2021,,,NzE2Miw0N2I2MzI5YjU2MTIwZTg5YjZjOWIzMDA4ZmI1MmNjMDU4Y2ZjNmY4,playlist,spotify:playlist:2Kk7Hrs5sFC8TmIr2tsHgr,https://open.spotify.com/playlist/2Kk7Hrs5sFC8TmIr2tsHgr,The Sound Of,https://open.spotify.com/user/yourfavouriteplaylists,https://api.spotify.com/v1/users/yourfavouriteplaylists,yourfavouriteplaylists,user,spotify:user:yourfavouriteplaylists,https://api.spotify.com/v1/playlists/2Kk7Hrs5sFC8TmIr2tsHgr/tracks,107
9,False,,https://api.spotify.com/v1/playlists/0pdalI6Iaklvc9DfwyeDrf,0pdalI6Iaklvc9DfwyeDrf,"[{'height': 640, 'url': 'https://mosaic.scdn.co/640/ab67616d0000b2734a8f4a048bef3ade8fbddb25ab67616d0000b273674c7a81aa925a9d6071f60cab67616d0000b273b210ae955aeea30e0fa97434ab67616d0000b273e32c05c23344e590ec56a915', 'width': 640}, {'height': 300, 'url': 'https://mosaic.scdn.co/300/ab67616d0000b2734a8f4a048bef3ade8fbddb25ab67616d0000b273674c7a81aa925a9d6071f60cab67616d0000b273b210ae955aeea30e0fa97434ab67616d0000b273e32c05c23344e590ec56a915', 'width': 300}, {'height': 60, 'url': 'https://mosaic.scdn.co/60/ab67616d0000b2734a8f4a048bef3ade8fbddb25ab67616d0000b273674c7a81aa925a9d6071f60cab67616d0000b273b210ae955aeea30e0fa97434ab67616d0000b273e32c05c23344e590ec56a915', 'width': 60}]",Barbecue Stain on my White T-Shirt,,,MTgsZjAwMTdhMjUxMWNlNmVhYTQxYzFiY2ZkMWE0MzBlYTQ3MjhiZmUwZA==,playlist,spotify:playlist:0pdalI6Iaklvc9DfwyeDrf,https://open.spotify.com/playlist/0pdalI6Iaklvc9DfwyeDrf,Javier Servin,https://open.spotify.com/user/1216702304,https://api.spotify.com/v1/users/1216702304,1216702304,user,spotify:user:1216702304,https://api.spotify.com/v1/playlists/0pdalI6Iaklvc9DfwyeDrf/tracks,12
10,False,"finest summer vibes for Beef and Beer, to get your party started",https://api.spotify.com/v1/playlists/27NQi1GPXs9M7iCGkUSJkR,27NQi1GPXs9M7iCGkUSJkR,"[{'height': None, 'url': 'https://i.scdn.co/image/ab67706c0000bebbde74beec612ee4a71efad259', 'width': None}]",Barbecue Summer,,,MTAyNCxjOTQyM2YyZGFiNGEyYzNjZDQ3NzcyNjM5MThmNjAzMmQyOTBhMGI5,playlist,spotify:playlist:27NQi1GPXs9M7iCGkUSJkR,https://open.spotify.com/playlist/27NQi1GPXs9M7iCGkUSJkR,Konstantin He,https://open.spotify.com/user/konschtel,https://api.spotify.com/v1/users/konschtel,konschtel,user,spotify:user:konschtel,https://api.spotify.com/v1/playlists/27NQi1GPXs9M7iCGkUSJkR/tracks,306
11,False,The Best BBQ Playlist for your Party! Dinner - Weekend - Winter - Summer - Feel Good - Friends - Grilling - Grill - Churrasco - Griglia - Friday - Saturday - Sunday,https://api.spotify.com/v1/playlists/46Q4XYcBlrFi8OMd2C4wgA,46Q4XYcBlrFi8OMd2C4wgA,"[{'height': None, 'url': 'https://i.scdn.co/image/ab67706c0000bebb3c439a0c1d36bcf3a9a6b0d6', 'width': None}]",BBQ Party 2021 üçó Barbecue üçó Barbacoa üçó Grill,,,MTA0NSw2ZTRhNjI3M2E4YzlmZDI1MDhlYTlhMTY1ZGQxZmExZDZiMDgyZDM0,playlist,spotify:playlist:46Q4XYcBlrFi8OMd2C4wgA,https://open.spotify.com/playlist/46Q4XYcBlrFi8OMd2C4wgA,Jorden Dux,https://open.spotify.com/user/w0uwulqq7vabgo12vo5bzvl0w,https://api.spotify.com/v1/users/w0uwulqq7vabgo12vo5bzvl0w,w0uwulqq7vabgo12vo5bzvl0w,user,spotify:user:w0uwulqq7vabgo12vo5bzvl0w,https://api.spotify.com/v1/playlists/46Q4XYcBlrFi8OMd2C4wgA/tracks,176
12,False,,https://api.spotify.com/v1/playlists/2hpHYKllqad24mqaSf1PzX,2hpHYKllqad24mqaSf1PzX,"[{'height': 640, 'url': 'https://mosaic.scdn.co/640/ab67616d0000b27370f7a1b35d5165c85b95a0e0ab67616d0000b27392d0747a634fcc351c6ac3c2ab67616d0000b273d03ab2da904d8251a87bbc31ab67616d0000b273f72f1e38e9bd48f18a17ed9b', 'width': 640}, {'height': 300, 'url': 'https://mosaic.scdn.co/300/ab67616d0000b27370f7a1b35d5165c85b95a0e0ab67616d0000b27392d0747a634fcc351c6ac3c2ab67616d0000b273d03ab2da904d8251a87bbc31ab67616d0000b273f72f1e38e9bd48f18a17ed9b', 'width': 300}, {'height': 60, 'url': 'https://mosaic.scdn.co/60/ab67616d0000b27370f7a1b35d5165c85b95a0e0ab67616d0000b27392d0747a634fcc351c6ac3c2ab67616d0000b273d03ab2da904d8251a87bbc31ab67616d0000b273f72f1e38e9bd48f18a17ed9b', 'width': 60}]",summer family barbecue,,,MzgsNWU4ODEyYzIxMzEzODI3ZGE5OWFkZmIxNzU3ZGVlOWEyYzUyZDU5Zg==,playlist,spotify:playlist:2hpHYKllqad24mqaSf1PzX,https://open.spotify.com/playlist/2hpHYKllqad24mqaSf1PzX,em‚ö°Ô∏è,https://open.spotify.com/user/erohnegian,https://api.spotify.com/v1/users/erohnegian,erohnegian,user,spotify:user:erohnegian,https://api.spotify.com/v1/playlists/2hpHYKllqad24mqaSf1PzX/tracks,35
13,False,Summer üçπ Party üçπGrillen üçπ BBQ üçπCocktails üçπFriends üçπ Submissions@biprecords.com,https://api.spotify.com/v1/playlists/3sFdV9l38RwRHxulAsEz1e,3sFdV9l38RwRHxulAsEz1e,"[{'height': None, 'url': 'https://i.scdn.co/image/ab67706c0000bebb39f9ffadabe8049360c564e2', 'width': None}]",Barbecue Summer 2021 üçπBBQ üçπGrill,,,Nzg5LGYxYTMzZTU4Mzk5NmEyNDI3NWJmMmI4ODE3OTdhY2FjYzA3NDY1YTE=,playlist,spotify:playlist:3sFdV9l38RwRHxulAsEz1e,https://open.spotify.com/playlist/3sFdV9l38RwRHxulAsEz1e,BIP Records,https://open.spotify.com/user/biprecords,https://api.spotify.com/v1/users/biprecords,biprecords,user,spotify:user:biprecords,https://api.spotify.com/v1/playlists/3sFdV9l38RwRHxulAsEz1e/tracks,125
14,False,Trempe tes oreilles dans cette sauce onctueuse ! ü§é pour sauvegarder la playlist ,https://api.spotify.com/v1/playlists/13hLLDwGBJo2nKRG2UBLAD,13hLLDwGBJo2nKRG2UBLAD,"[{'height': None, 'url': 'https://i.scdn.co/image/ab67706c0000bebbcc4549da0d0545b826e57fdd', 'width': None}]",SAUCE BARBECUE ‚òÄÔ∏è,,,NTIwLDNhMGU3ZjE0N2Q3OGY2NGU2ZjU3ZmRmMzYwZWJhNjIwMTM1YTE3MWE=,playlist,spotify:playlist:13hLLDwGBJo2nKRG2UBLAD,https://open.spotify.com/playlist/13hLLDwGBJo2nKRG2UBLAD,@LaPvlga,https://open.spotify.com/user/mrtwixx35,https://api.spotify.com/v1/users/mrtwixx35,mrtwixx35,user,spotify:user:mrtwixx35,https://api.spotify.com/v1/playlists/13hLLDwGBJo2nKRG2UBLAD/tracks,71
15,False,"Boatin, floatin, drinkin all the Coors.",https://api.spotify.com/v1/playlists/5JeBQ0l2LwUCWqAw5LLact,5JeBQ0l2LwUCWqAw5LLact,"[{'height': 640, 'url': 'https://mosaic.scdn.co/640/ab67616d0000b273300dd939c3081ff12fa69284ab67616d0000b2734a8f4a048bef3ade8fbddb25ab67616d0000b273c1bc36faa8afff2b5273490bab67616d0000b273d3b977f92e5887257ed1a455', 'width': 640}, {'height': 300, 'url': 'https://mosaic.scdn.co/300/ab67616d0000b273300dd939c3081ff12fa69284ab67616d0000b2734a8f4a048bef3ade8fbddb25ab67616d0000b273c1bc36faa8afff2b5273490bab67616d0000b273d3b977f92e5887257ed1a455', 'width': 300}, {'height': 60, 'url': 'https://mosaic.scdn.co/60/ab67616d0000b273300dd939c3081ff12fa69284ab67616d0000b2734a8f4a048bef3ade8fbddb25ab67616d0000b273c1bc36faa8afff2b5273490bab67616d0000b273d3b977f92e5887257ed1a455', 'width': 60}]",Country Barbecue,,,Njg0LDZmM2Q0NzAyNWI5NDQ4YTk1NjZkNTAwNzRkMWIyZDMwZDc3OTc1OTI=,playlist,spotify:playlist:5JeBQ0l2LwUCWqAw5LLact,https://open.spotify.com/playlist/5JeBQ0l2LwUCWqAw5LLact,Sean,https://open.spotify.com/user/1243221240,https://api.spotify.com/v1/users/1243221240,1243221240,user,spotify:user:1243221240,https://api.spotify.com/v1/playlists/5JeBQ0l2LwUCWqAw5LLact/tracks,551
16,False,,https://api.spotify.com/v1/playlists/6e0arnIDdSQxqVWV3CMcIF,6e0arnIDdSQxqVWV3CMcIF,"[{'height': None, 'url': 'https://i.scdn.co/image/ab67706c0000bebbc58ba37025e357c55bb39509', 'width': None}]",Tubes √©t√© 2021üçπ piscine barbecue üçó ,,,NTA0LGZmM2Y4ZGExMjQ4YmYyZjA5ODFkOGUxMTg3YTAyYTNhYTcwMWM1YjM=,playlist,spotify:playlist:6e0arnIDdSQxqVWV3CMcIF,https://open.spotify.com/playlist/6e0arnIDdSQxqVWV3CMcIF,Alexandre De Oliveira,https://open.spotify.com/user/captainteemo77500,https://api.spotify.com/v1/users/captainteemo77500,captainteemo77500,user,spotify:user:captainteemo77500,https://api.spotify.com/v1/playlists/6e0arnIDdSQxqVWV3CMcIF/tracks,131
17,False,,https://api.spotify.com/v1/playlists/0otMdO4myL26ByKviiczDu,0otMdO4myL26ByKviiczDu,"[{'height': 640, 'url': 'https://mosaic.scdn.co/640/ab67616d0000b2733f29a976eea00141514ab936ab67616d0000b2737d6f106efadd36f7779383c7ab67616d0000b273cb81eb3c1238c60f2bbfd3b5ab67616d0000b273e04160a6827d32fa038bff66', 'width': 640}, {'height': 300, 'url': 'https://mosaic.scdn.co/300/ab67616d0000b2733f29a976eea00141514ab936ab67616d0000b2737d6f106efadd36f7779383c7ab67616d0000b273cb81eb3c1238c60f2bbfd3b5ab67616d0000b273e04160a6827d32fa038bff66', 'width': 300}, {'height': 60, 'url': 'https://mosaic.scdn.co/60/ab67616d0000b2733f29a976eea00141514ab936ab67616d0000b2737d6f106efadd36f7779383c7ab67616d0000b273cb81eb3c1238c60f2bbfd3b5ab67616d0000b273e04160a6827d32fa038bff66', 'width': 60}]",Sunday Barbecue,,,MTM2LGQ0YzM1NGVkMDE0NmNiMTFiNmE0M2JjZjc5NjU4YzQ4NGEyYjY4MDM=,playlist,spotify:playlist:0otMdO4myL26ByKviiczDu,https://open.spotify.com/playlist/0otMdO4myL26ByKviiczDu,Kelvin Koh,https://open.spotify.com/user/1232082508,https://api.spotify.com/v1/users/1232082508,1232082508,user,spotify:user:1232082508,https://api.spotify.com/v1/playlists/0otMdO4myL26ByKviiczDu/tracks,89
18,False,Nostalgic songs for when you‚Äôre hanging out with the family or cleaning... literally anything. ,https://api.spotify.com/v1/playlists/7pS0wle1ljxpaMoTFxajc1,7pS0wle1ljxpaMoTFxajc1,"[{'height': None, 'url': 'https://i.scdn.co/image/ab67706c0000bebb62ca285f90eb2399ea63bcb1', 'width': None}]",Cookout Playlist (Black Barbecue),,,MTY0LGFiMmEyZjU1NmEzODk5NzE1OTJkOTQ5M2U2YzZiZTA0OWZhOWI5MTI=,playlist,spotify:playlist:7pS0wle1ljxpaMoTFxajc1,https://open.spotify.com/playlist/7pS0wle1ljxpaMoTFxajc1,Noski,https://open.spotify.com/user/1222140475,https://api.spotify.com/v1/users/1222140475,1222140475,user,spotify:user:1222140475,https://api.spotify.com/v1/playlists/7pS0wle1ljxpaMoTFxajc1/tracks,121
19,False,"For the best moments by the lake, the backyard, or the park. Ice-cold coke, hot burgers, a cool breeze, warm sun, and the tunes to keep the mood chill.",https://api.spotify.com/v1/playlists/7MBE6NzGf5ll00Ht7GKAlA,7MBE6NzGf5ll00Ht7GKAlA,"[{'height': None, 'url': 'https://i.scdn.co/image/ab67706c0000bebb97390396b6316c8e27536c1e', 'width': None}]",Outdoor/Barbecue Party List,,,NTUsMzQzM2U0ZTgyYmE5MDc1MjA3M2ZlZTUyYzFlNjU4YjIwNDBlZTJjMg==,playlist,spotify:playlist:7MBE6NzGf5ll00Ht7GKAlA,https://open.spotify.com/playlist/7MBE6NzGf5ll00Ht7GKAlA,14thartvigsen,https://open.spotify.com/user/14thartvigsen,https://api.spotify.com/v1/users/14thartvigsen,14thartvigsen,user,spotify:user:14thartvigsen,https://api.spotify.com/v1/playlists/7MBE6NzGf5ll00Ht7GKAlA/tracks,51
20,False,,https://api.spotify.com/v1/playlists/0a1LktQrZQQE8t5hm7MRU4,0a1LktQrZQQE8t5hm7MRU4,"[{'height': 640, 'url': 'https://mosaic.scdn.co/640/ab67616d0000b27351c02a77d09dfcd53c8676d0ab67616d0000b273cfa6f0adeb400615a0fe4cd6ab67616d0000b273dd59ede50c84f37336eb5073ab67616d0000b273febe8d3decc4565315adff23', 'width': 640}, {'height': 300, 'url': 'https://mosaic.scdn.co/300/ab67616d0000b27351c02a77d09dfcd53c8676d0ab67616d0000b273cfa6f0adeb400615a0fe4cd6ab67616d0000b273dd59ede50c84f37336eb5073ab67616d0000b273febe8d3decc4565315adff23', 'width': 300}, {'height': 60, 'url': 'https://mosaic.scdn.co/60/ab67616d0000b27351c02a77d09dfcd53c8676d0ab67616d0000b273cfa6f0adeb400615a0fe4cd6ab67616d0000b273dd59ede50c84f37336eb5073ab67616d0000b273febe8d3decc4565315adff23', 'width': 60}]",Aussie Barbecue,,,MTczLDE4ZjY0YmRiZmRmM2FiMGU5N2IyZDhjNzM1NTBmOGIzZTM4MjEyMWE=,playlist,spotify:playlist:0a1LktQrZQQE8t5hm7MRU4,https://open.spotify.com/playlist/0a1LktQrZQQE8t5hm7MRU4,Aaron Barbaro,https://open.spotify.com/user/1237959004,https://api.spotify.com/v1/users/1237959004,1237959004,user,spotify:user:1237959004,https://api.spotify.com/v1/playlists/0a1LktQrZQQE8t5hm7MRU4/tracks,159
21,False,Lounge music - Chillout - Dinner - Weekend - Winter - Summer - Feel Good - Friends - Grilling - Grill - Churrasco - Griglia,https://api.spotify.com/v1/playlists/1PbMTbZK0Yavo0Q9NUxJMs,1PbMTbZK0Yavo0Q9NUxJMs,"[{'height': None, 'url': 'https://i.scdn.co/image/ab67706c0000bebb50c7c20b6f4aebb23aaf2096', 'width': None}]",BBQ Chill üçñ Barbecue üçñ Barbacoa üçñ Grillen üçñ Grill  üçñ Barbeque,,,NjIzLDk1YTBjMzYyZDYxOTJiMDM1NDRlZmUwNjc1ODNkOTk0MzU0YzA2NmI=,playlist,spotify:playlist:1PbMTbZK0Yavo0Q9NUxJMs,https://open.spotify.com/playlist/1PbMTbZK0Yavo0Q9NUxJMs,PARA√çSO,https://open.spotify.com/user/9farmipw0i9o1k4qcmvqg3dcv,https://api.spotify.com/v1/users/9farmipw0i9o1k4qcmvqg3dcv,9farmipw0i9o1k4qcmvqg3dcv,user,spotify:user:9farmipw0i9o1k4qcmvqg3dcv,https://api.spotify.com/v1/playlists/1PbMTbZK0Yavo0Q9NUxJMs/tracks,149
22,False,"Craft beers, Brooklyn sunsets, and learning how to be cool with this mix. ",https://api.spotify.com/v1/playlists/29DpYc6vskn42V7OGjYhNF,29DpYc6vskn42V7OGjYhNF,"[{'height': 640, 'url': 'https://mosaic.scdn.co/640/ab67616d0000b273121d5f92cf90576907dfb1e5ab67616d0000b273494e33d225ef37180f88c8ceab67616d0000b27354cea3f43f17b2ee901c7c7fab67616d0000b273fffbc6bb8f405c2dacf8d64b', 'width': 640}, {'height': 300, 'url': 'https://mosaic.scdn.co/300/ab67616d0000b273121d5f92cf90576907dfb1e5ab67616d0000b273494e33d225ef37180f88c8ceab67616d0000b27354cea3f43f17b2ee901c7c7fab67616d0000b273fffbc6bb8f405c2dacf8d64b', 'width': 300}, {'height': 60, 'url': 'https://mosaic.scdn.co/60/ab67616d0000b273121d5f92cf90576907dfb1e5ab67616d0000b273494e33d225ef37180f88c8ceab67616d0000b27354cea3f43f17b2ee901c7c7fab67616d0000b273fffbc6bb8f405c2dacf8d64b', 'width': 60}]",Hipster Barbecue,,,MTQwNCwwMjE1OWUwMDQzOGE1M2NlZWVkY2JkNmJkMWNjOTliOTJjYjEzYjQ3,playlist,spotify:playlist:29DpYc6vskn42V7OGjYhNF,https://open.spotify.com/playlist/29DpYc6vskn42V7OGjYhNF,Daniel,https://open.spotify.com/user/dvolis,https://api.spotify.com/v1/users/dvolis,dvolis,user,spotify:user:dvolis,https://api.spotify.com/v1/playlists/29DpYc6vskn42V7OGjYhNF/tracks,881
23,False,She was killing me in that mini skirt,https://api.spotify.com/v1/playlists/4nNUAkw3i6SXcjzYDMUPIT,4nNUAkw3i6SXcjzYDMUPIT,"[{'height': None, 'url': 'https://i.scdn.co/image/ab67706c0000bebbb836d949216c91868486bbbb', 'width': None}]",BBQ stain on my white t-shirt,,,MzI2MSw5YjE4ZjFkZjQ2MWEzMTNmZTBkOTU2NmU5YmMxYWM4Nzk4OWIxMTg3,playlist,spotify:playlist:4nNUAkw3i6SXcjzYDMUPIT,https://open.spotify.com/playlist/4nNUAkw3i6SXcjzYDMUPIT,christianlovell044,https://open.spotify.com/user/jesswalker1,https://api.spotify.com/v1/users/jesswalker1,jesswalker1,user,spotify:user:jesswalker1,https://api.spotify.com/v1/playlists/4nNUAkw3i6SXcjzYDMUPIT/tracks,557
24,False,,https://api.spotify.com/v1/playlists/02Joz07IBDBZLffk0nnqoN,02Joz07IBDBZLffk0nnqoN,"[{'height': 640, 'url': 'https://mosaic.scdn.co/640/ab67616d0000b27346c31f64babcbfca6e061b6bab67616d0000b2739173e50e99bdea2400222f02ab67616d0000b273d5ea1215e77c3f7a7c716370ab67616d0000b273e2597ecbaa6fec8d3c58e34c', 'width': 640}, {'height': 300, 'url': 'https://mosaic.scdn.co/300/ab67616d0000b27346c31f64babcbfca6e061b6bab67616d0000b2739173e50e99bdea2400222f02ab67616d0000b273d5ea1215e77c3f7a7c716370ab67616d0000b273e2597ecbaa6fec8d3c58e34c', 'width': 300}, {'height': 60, 'url': 'https://mosaic.scdn.co/60/ab67616d0000b27346c31f64babcbfca6e061b6bab67616d0000b2739173e50e99bdea2400222f02ab67616d0000b273d5ea1215e77c3f7a7c716370ab67616d0000b273e2597ecbaa6fec8d3c58e34c', 'width': 60}]",Ambiance barbecue,,,MjgsNTY3MWFjMTM0NzViNWFiZmYxYTQyZjljMWEwYTMxZjQwZmQ1YzdiNA==,playlist,spotify:playlist:02Joz07IBDBZLffk0nnqoN,https://open.spotify.com/playlist/02Joz07IBDBZLffk0nnqoN,faby,https://open.spotify.com/user/26wixmkopexkrax5xx2ieistj,https://api.spotify.com/v1/users/26wixmkopexkrax5xx2ieistj,26wixmkopexkrax5xx2ieistj,user,spotify:user:26wixmkopexkrax5xx2ieistj,https://api.spotify.com/v1/playlists/02Joz07IBDBZLffk0nnqoN/tracks,27
25,False,,https://api.spotify.com/v1/playlists/6WrNzH2wGt07alJyMS2li8,6WrNzH2wGt07alJyMS2li8,"[{'height': 640, 'url': 'https://mosaic.scdn.co/640/ab67616d0000b2731c8bf5ab0ca4ec9be5ffe022ab67616d0000b2731d24f2373f88eabd6a05f05fab67616d0000b2734694c5b97d3a88efb5fc71b5ab67616d0000b273e1a8a27806fe316c55157caf', 'width': 640}, {'height': 300, 'url': 'https://mosaic.scdn.co/300/ab67616d0000b2731c8bf5ab0ca4ec9be5ffe022ab67616d0000b2731d24f2373f88eabd6a05f05fab67616d0000b2734694c5b97d3a88efb5fc71b5ab67616d0000b273e1a8a27806fe316c55157caf', 'width': 300}, {'height': 60, 'url': 'https://mosaic.scdn.co/60/ab67616d0000b2731c8bf5ab0ca4ec9be5ffe022ab67616d0000b2731d24f2373f88eabd6a05f05fab67616d0000b2734694c5b97d3a88efb5fc71b5ab67616d0000b273e1a8a27806fe316c55157caf', 'width': 60}]",Summer Barbecue,,,MTEwLGYyYmNkMjI4MWQxZThjNDBkZjRmNWQ4OWQ4N2IxMGY4ZTgxNTc5MzM=,playlist,spotify:playlist:6WrNzH2wGt07alJyMS2li8,https://open.spotify.com/playlist/6WrNzH2wGt07alJyMS2li8,Melissa Mei Sturman,https://open.spotify.com/user/mungbean84,https://api.spotify.com/v1/users/mungbean84,mungbean84,user,spotify:user:mungbean84,https://api.spotify.com/v1/playlists/6WrNzH2wGt07alJyMS2li8/tracks,183
26,False,,https://api.spotify.com/v1/playlists/0SKr92i1YXrWKkCszR4ClJ,0SKr92i1YXrWKkCszR4ClJ,"[{'height': 640, 'url': 'https://mosaic.scdn.co/640/ab67616d0000b27328ac0a9f50a6c28994fb3be3ab67616d0000b273447289301b37e205337ddd61ab67616d0000b2739d48d66126e96395f89de31fab67616d0000b273cddc22b5787b9e56947cd23f', 'width': 640}, {'height': 300, 'url': 'https://mosaic.scdn.co/300/ab67616d0000b27328ac0a9f50a6c28994fb3be3ab67616d0000b273447289301b37e205337ddd61ab67616d0000b2739d48d66126e96395f89de31fab67616d0000b273cddc22b5787b9e56947cd23f', 'width': 300}, {'height': 60, 'url': 'https://mosaic.scdn.co/60/ab67616d0000b27328ac0a9f50a6c28994fb3be3ab67616d0000b273447289301b37e205337ddd61ab67616d0000b2739d48d66126e96395f89de31fab67616d0000b273cddc22b5787b9e56947cd23f', 'width': 60}]",Kiwi barbecue,,,NzIsZGYwYjNlYjc2MTNjMGFhOTlhNGQ3M2ZhMmM3YzU0OTg2MzFkMzRiZQ==,playlist,spotify:playlist:0SKr92i1YXrWKkCszR4ClJ,https://open.spotify.com/playlist/0SKr92i1YXrWKkCszR4ClJ,1112874903,https://open.spotify.com/user/1112874903,https://api.spotify.com/v1/users/1112874903,1112874903,user,spotify:user:1112874903,https://api.spotify.com/v1/playlists/0SKr92i1YXrWKkCszR4ClJ/tracks,53
27,False,,https://api.spotify.com/v1/playlists/5dzw4wICcHooxzV0BImoq9,5dzw4wICcHooxzV0BImoq9,"[{'height': None, 'url': 'https://i.scdn.co/image/ab67706c0000bebba0f92b439371943aff197a3c', 'width': None}]",American Barbecue,,,NzQsZmIxMWNlZmIxOWZhMzFhMTIxNGYyOThhMDBmODdkNjFiNTBjODBmMw==,playlist,spotify:playlist:5dzw4wICcHooxzV0BImoq9,https://open.spotify.com/playlist/5dzw4wICcHooxzV0BImoq9,Gabriel Pontes,https://open.spotify.com/user/22vviuukxwuidbrt4m6xdy7qy,https://api.spotify.com/v1/users/22vviuukxwuidbrt4m6xdy7qy,22vviuukxwuidbrt4m6xdy7qy,user,spotify:user:22vviuukxwuidbrt4m6xdy7qy,https://api.spotify.com/v1/playlists/5dzw4wICcHooxzV0BImoq9/tracks,63
28,False,"The <a href=""https://open.spotify.com/album/1jOcKmWE1mUEnyt6JdLTr8?si=Jf62HcJGQy-a0AtOzDodbA"">TROLLS World Tour soundtrack</a> is out now! Featuring new music with SZA, Anderson .Paak, Kelly Clarkson, HAIM, and more.",https://api.spotify.com/v1/playlists/6mLCzeVMfuoJER8LMHEI5U,6mLCzeVMfuoJER8LMHEI5U,"[{'height': None, 'url': 'https://i.scdn.co/image/ab67706c0000bebbb2717a6c74fd1ee77eda5700', 'width': None}]",Can't stop dancin' at the barbecue all night until we pass out and do it all again tomorrow,,,NzIsZTM3ZTYzN2IxOTllNWEzZDM4ZGY0MWZiYzkzYmZhYzk4NDY0Y2YxZA==,playlist,spotify:playlist:6mLCzeVMfuoJER8LMHEI5U,https://open.spotify.com/playlist/6mLCzeVMfuoJER8LMHEI5U,Justin Timberlake,https://open.spotify.com/user/officialjt,https://api.spotify.com/v1/users/officialjt,officialjt,user,spotify:user:officialjt,https://api.spotify.com/v1/playlists/6mLCzeVMfuoJER8LMHEI5U/tracks,36
29,False,"Les vacances au camping avec le Collectif M√©tiss√©, Patrick S√©bastien et beaucoup d'autres... Tous les tubes de l'√©t√© !",https://api.spotify.com/v1/playlists/65Gf8iBIdFxxmXPj7Rzw6D,65Gf8iBIdFxxmXPj7Rzw6D,"[{'height': None, 'url': 'https://i.scdn.co/image/ab67706c0000bebb1653123bc36944ff9ae50be9', 'width': None}]","Camping 2021 ‚òÄÔ∏è Barbecue, Ap√©ro, Piscine, F√™te Populaire, Soir√©e, Amis, plage, vacances en famille ",,,MTc1LGJmOGQ5MzY3YTAyOWY2M2UyZTRiYWQ1MWE0ODJjMDA0MDUwYTk3N2U=,playlist,spotify:playlist:65Gf8iBIdFxxmXPj7Rzw6D,https://open.spotify.com/playlist/65Gf8iBIdFxxmXPj7Rzw6D,Digster France,https://open.spotify.com/user/digster.fr,https://api.spotify.com/v1/users/digster.fr,digster.fr,user,spotify:user:digster.fr,https://api.spotify.com/v1/playlists/65Gf8iBIdFxxmXPj7Rzw6D/tracks,68
30,False,,https://api.spotify.com/v1/playlists/1etflvaYJyib3TOLj1FiyB,1etflvaYJyib3TOLj1FiyB,"[{'height': 640, 'url': 'https://mosaic.scdn.co/640/ab67616d0000b2734650ca0a8f88129d4667acc5ab67616d0000b2738320af5749259913564098beab67616d0000b2738863bc11d2aa12b54f5aeb36ab67616d0000b273a33e2b9d221b420f2ab1d29f', 'width': 640}, {'height': 300, 'url': 'https://mosaic.scdn.co/300/ab67616d0000b2734650ca0a8f88129d4667acc5ab67616d0000b2738320af5749259913564098beab67616d0000b2738863bc11d2aa12b54f5aeb36ab67616d0000b273a33e2b9d221b420f2ab1d29f', 'width': 300}, {'height': 60, 'url': 'https://mosaic.scdn.co/60/ab67616d0000b2734650ca0a8f88129d4667acc5ab67616d0000b2738320af5749259913564098beab67616d0000b2738863bc11d2aa12b54f5aeb36ab67616d0000b273a33e2b9d221b420f2ab1d29f', 'width': 60}]",Musique barbecue/repas d'√©t√©,,,MTE0LDczM2QxMzlkYTVkY2QzMDBmMTM5MGE3Yzg2YzQzYWVlN2VmYTZiYmI=,playlist,spotify:playlist:1etflvaYJyib3TOLj1FiyB,https://open.spotify.com/playlist/1etflvaYJyib3TOLj1FiyB,Logan,https://open.spotify.com/user/32lnm6k4gpwm5dg524hnsa6ic,https://api.spotify.com/v1/users/32lnm6k4gpwm5dg524hnsa6ic,32lnm6k4gpwm5dg524hnsa6ic,user,spotify:user:32lnm6k4gpwm5dg524hnsa6ic,https://api.spotify.com/v1/playlists/1etflvaYJyib3TOLj1FiyB/tracks,113
31,False,,https://api.spotify.com/v1/playlists/5cxH285O1dKgJ2WG3yH78f,5cxH285O1dKgJ2WG3yH78f,"[{'height': None, 'url': 'https://i.scdn.co/image/ab67706c0000bebb6ae17207e15f487e9af5126a', 'width': None}]",Rock Barbecue Hits,,,NjA1LDY0OTkyNWIyYzVhMGMzYWNkYzhmOTBjZTU2MGQ4NzkyMDFlZjMxYTA=,playlist,spotify:playlist:5cxH285O1dKgJ2WG3yH78f,https://open.spotify.com/playlist/5cxH285O1dKgJ2WG3yH78f,Mario V√°squez,https://open.spotify.com/user/12124161489,https://api.spotify.com/v1/users/12124161489,12124161489,user,spotify:user:12124161489,https://api.spotify.com/v1/playlists/5cxH285O1dKgJ2WG3yH78f/tracks,138
32,False,Best Rock &amp; Country of 70&#x27;s 80&#x27;s 90&#x27;s to share your 24 hours of smoke and barbecue time! ,https://api.spotify.com/v1/playlists/3R3vieUQTAA6hHGcmuoaHG,3R3vieUQTAA6hHGcmuoaHG,"[{'height': None, 'url': 'https://i.scdn.co/image/ab67706c0000bebb41fa3d61167c13024f5ba59e', 'width': None}]",AUSTIN MAMA'S BARBECUE,,,Mjk0LDA1NmNhYzBjNDRhOGExMGVhMjVhZDI2MDkyNzY2MjU3MWQ0YTdlMGI=,playlist,spotify:playlist:3R3vieUQTAA6hHGcmuoaHG,https://open.spotify.com/playlist/3R3vieUQTAA6hHGcmuoaHG,AUSTIN MAMA'S,https://open.spotify.com/user/12130555722,https://api.spotify.com/v1/users/12130555722,12130555722,user,spotify:user:12130555722,https://api.spotify.com/v1/playlists/3R3vieUQTAA6hHGcmuoaHG/tracks,288
33,False,,https://api.spotify.com/v1/playlists/23k68G7BNsI4TJosE3KEr3,23k68G7BNsI4TJosE3KEr3,"[{'height': 640, 'url': 'https://mosaic.scdn.co/640/ab67616d0000b2735acf418e8ce3b02c9273ce5cab67616d0000b27361284c597d97c854ea1958b6ab67616d0000b273838e1f6f6e67131c6bdd97d2ab67616d0000b273a14e2afbbf8aeeb129f288b5', 'width': 640}, {'height': 300, 'url': 'https://mosaic.scdn.co/300/ab67616d0000b2735acf418e8ce3b02c9273ce5cab67616d0000b27361284c597d97c854ea1958b6ab67616d0000b273838e1f6f6e67131c6bdd97d2ab67616d0000b273a14e2afbbf8aeeb129f288b5', 'width': 300}, {'height': 60, 'url': 'https://mosaic.scdn.co/60/ab67616d0000b2735acf418e8ce3b02c9273ce5cab67616d0000b27361284c597d97c854ea1958b6ab67616d0000b273838e1f6f6e67131c6bdd97d2ab67616d0000b273a14e2afbbf8aeeb129f288b5', 'width': 60}]",barbecue,,,MzgyLDE4OTlhMWVmNWFmYjc2NzljYjQwMTQxMTg4ODExNDRmMDU1NjNmY2Q=,playlist,spotify:playlist:23k68G7BNsI4TJosE3KEr3,https://open.spotify.com/playlist/23k68G7BNsI4TJosE3KEr3,alexandre,https://open.spotify.com/user/cklo40p7heqjatb1utj5ozf6f,https://api.spotify.com/v1/users/cklo40p7heqjatb1utj5ozf6f,cklo40p7heqjatb1utj5ozf6f,user,spotify:user:cklo40p7heqjatb1utj5ozf6f,https://api.spotify.com/v1/playlists/23k68G7BNsI4TJosE3KEr3/tracks,384
34,False,,https://api.spotify.com/v1/playlists/0NgFNqSxCKFetZUWPtzGwS,0NgFNqSxCKFetZUWPtzGwS,"[{'height': 640, 'url': 'https://mosaic.scdn.co/640/ab67616d0000b27333ef5bcae6d83e5e94486883ab67616d0000b2733d0833d5ffe4922bee067674ab67616d0000b273b1d16989e0507dca82266c43ab67616d0000b273ba25a667a5a20a7e2159787e', 'width': 640}, {'height': 300, 'url': 'https://mosaic.scdn.co/300/ab67616d0000b27333ef5bcae6d83e5e94486883ab67616d0000b2733d0833d5ffe4922bee067674ab67616d0000b273b1d16989e0507dca82266c43ab67616d0000b273ba25a667a5a20a7e2159787e', 'width': 300}, {'height': 60, 'url': 'https://mosaic.scdn.co/60/ab67616d0000b27333ef5bcae6d83e5e94486883ab67616d0000b2733d0833d5ffe4922bee067674ab67616d0000b273b1d16989e0507dca82266c43ab67616d0000b273ba25a667a5a20a7e2159787e', 'width': 60}]",Barbecues,,,NzQ5LDY3NzIzNWFiYjE4YTIxM2Q3YjZlYjM2NzE0ZDlkODU3YjE0NWQwOWU=,playlist,spotify:playlist:0NgFNqSxCKFetZUWPtzGwS,https://open.spotify.com/playlist/0NgFNqSxCKFetZUWPtzGwS,Conitif,https://open.spotify.com/user/ninenex,https://api.spotify.com/v1/users/ninenex,ninenex,user,spotify:user:ninenex,https://api.spotify.com/v1/playlists/0NgFNqSxCKFetZUWPtzGwS/tracks,548
35,False,,https://api.spotify.com/v1/playlists/28HunqiReb3uJ8LAwVGa9M,28HunqiReb3uJ8LAwVGa9M,"[{'height': 640, 'url': 'https://mosaic.scdn.co/640/ab67616d0000b27308181b9f840a06e7a071cf72ab67616d0000b2731bb650e0541f522b407874cdab67616d0000b2738555817419b10e2b4757c242ab67616d0000b273fc01049a47f7d901bafb250c', 'width': 640}, {'height': 300, 'url': 'https://mosaic.scdn.co/300/ab67616d0000b27308181b9f840a06e7a071cf72ab67616d0000b2731bb650e0541f522b407874cdab67616d0000b2738555817419b10e2b4757c242ab67616d0000b273fc01049a47f7d901bafb250c', 'width': 300}, {'height': 60, 'url': 'https://mosaic.scdn.co/60/ab67616d0000b27308181b9f840a06e7a071cf72ab67616d0000b2731bb650e0541f522b407874cdab67616d0000b2738555817419b10e2b4757c242ab67616d0000b273fc01049a47f7d901bafb250c', 'width': 60}]",Summer BBQ Evening Barbecue Chillout,,,NDQ3LDcyYTBmZGRlY2IzZWFmYTI5YzRlNjQyMWIxYmUzNzBhMzdhNzdlMjI=,playlist,spotify:playlist:28HunqiReb3uJ8LAwVGa9M,https://open.spotify.com/playlist/28HunqiReb3uJ8LAwVGa9M,Steve Jones,https://open.spotify.com/user/steve_jonesuk,https://api.spotify.com/v1/users/steve_jonesuk,steve_jonesuk,user,spotify:user:steve_jonesuk,https://api.spotify.com/v1/playlists/28HunqiReb3uJ8LAwVGa9M/tracks,260
36,False,,https://api.spotify.com/v1/playlists/2L5t8RDjOjJOnI2Ib50HOp,2L5t8RDjOjJOnI2Ib50HOp,"[{'height': 640, 'url': 'https://mosaic.scdn.co/640/ab67616d0000b273214b60a753733ca0792cf47fab67616d0000b273bd26ede1ae69327010d49946ab67616d0000b273cce6bab1f59b165133175d88ab67616d0000b273d4daf28d55fe4197ede848be', 'width': 640}, {'height': 300, 'url': 'https://mosaic.scdn.co/300/ab67616d0000b273214b60a753733ca0792cf47fab67616d0000b273bd26ede1ae69327010d49946ab67616d0000b273cce6bab1f59b165133175d88ab67616d0000b273d4daf28d55fe4197ede848be', 'width': 300}, {'height': 60, 'url': 'https://mosaic.scdn.co/60/ab67616d0000b273214b60a753733ca0792cf47fab67616d0000b273bd26ede1ae69327010d49946ab67616d0000b273cce6bab1f59b165133175d88ab67616d0000b273d4daf28d55fe4197ede848be', 'width': 60}]",Barbecue,,,MTM1LDcwNzNmZjRiNDZiNDY1ZTJkMDY4OWU4NTZmY2NkNDcwNTZkOTRkNWI=,playlist,spotify:playlist:2L5t8RDjOjJOnI2Ib50HOp,https://open.spotify.com/playlist/2L5t8RDjOjJOnI2Ib50HOp,lechardeurl,https://open.spotify.com/user/lechardeurl,https://api.spotify.com/v1/users/lechardeurl,lechardeurl,user,spotify:user:lechardeurl,https://api.spotify.com/v1/playlists/2L5t8RDjOjJOnI2Ib50HOp/tracks,132
37,False,Best BBQ 2021 üçó - Sun vibes mood 2021 üåû- Party Music - Grill Party Backyard - Barbecue friends,https://api.spotify.com/v1/playlists/2s9Sxgk34DHbRdmNV6b4ii,2s9Sxgk34DHbRdmNV6b4ii,"[{'height': None, 'url': 'https://i.scdn.co/image/ab67706c0000bebb3713693ea7d6534d387da648', 'width': None}]",Best BBQ 2021 üçó - Sun vibes mood 2021 üåû- Party Music - Grill Party Backyard - Barbecue friends,,,MTAxMixjODJmMWQ2OTU4NjhhNTg4OTQ3ZDg1YzIxZmE5Y2I5OWJjZTdmYTZm,playlist,spotify:playlist:2s9Sxgk34DHbRdmNV6b4ii,https://open.spotify.com/playlist/2s9Sxgk34DHbRdmNV6b4ii,Trending Hits,https://open.spotify.com/user/arhoxoir3903lv7o3r7vc9quq,https://api.spotify.com/v1/users/arhoxoir3903lv7o3r7vc9quq,arhoxoir3903lv7o3r7vc9quq,user,spotify:user:arhoxoir3903lv7o3r7vc9quq,https://api.spotify.com/v1/playlists/2s9Sxgk34DHbRdmNV6b4ii/tracks,68
38,False,,https://api.spotify.com/v1/playlists/0Oywy61hFjz6oV7vhLr2AV,0Oywy61hFjz6oV7vhLr2AV,"[{'height': None, 'url': 'https://i.scdn.co/image/ab67706c0000bebb3aa923b9118892606be9a08f', 'width': None}]",barbecue raccoon ,,,ODgxLGNmMzI4ZDk3ZDc1YThiY2I1YWRlZWJiYzJlYmU2ZWY4OWI2MzYxMTI=,playlist,spotify:playlist:0Oywy61hFjz6oV7vhLr2AV,https://open.spotify.com/playlist/0Oywy61hFjz6oV7vhLr2AV,smel,https://open.spotify.com/user/21qdkag6hbk3vwln3mvng45gy,https://api.spotify.com/v1/users/21qdkag6hbk3vwln3mvng45gy,21qdkag6hbk3vwln3mvng45gy,user,spotify:user:21qdkag6hbk3vwln3mvng45gy,https://api.spotify.com/v1/playlists/0Oywy61hFjz6oV7vhLr2AV/tracks,840
39,False,,https://api.spotify.com/v1/playlists/5GwRoOtYfxxHL8plTtgye9,5GwRoOtYfxxHL8plTtgye9,"[{'height': None, 'url': 'https://i.scdn.co/image/ab67706c0000bebbfaee540b6b0651f38cd13357', 'width': None}]",Barbecue Time üî•ü•©üç∫üç∑,,,MTU0MCwyNjcwYzRhMTg3ZDcyZTY1NGM0YmU5NThlYjI1YzFjYWZmMmJiZjk5,playlist,spotify:playlist:5GwRoOtYfxxHL8plTtgye9,https://open.spotify.com/playlist/5GwRoOtYfxxHL8plTtgye9,Chef Riveraüî•ü•©üç∑,https://open.spotify.com/user/hector.river,https://api.spotify.com/v1/users/hector.river,hector.river,user,spotify:user:hector.river,https://api.spotify.com/v1/playlists/5GwRoOtYfxxHL8plTtgye9/tracks,811
40,False,"50 ripper Aussie songs to get you dancing in your double pluggers while you barbecue the meat, sink some tins and soak up the sunshine! Check out my new album Unbroken from Friday February 2.",https://api.spotify.com/v1/playlists/0ei7Kz90Auon1CC1KpPF1P,0ei7Kz90Auon1CC1KpPF1P,"[{'height': None, 'url': 'https://i.scdn.co/image/ab67706c0000bebbaeecc5f44d0f338434d1b321', 'width': None}]",Nollsie's Summer Barbecue,,,NjYsNjBmMmUwOGM2MjhhYTM5NWFmZWE0NTU5ZmJjZjBkN2Y4ZTM5NTJhOQ==,playlist,spotify:playlist:0ei7Kz90Auon1CC1KpPF1P,https://open.spotify.com/playlist/0ei7Kz90Auon1CC1KpPF1P,Shannon Noll,https://open.spotify.com/user/sif98rxoapenu2a6c078zb9rz,https://api.spotify.com/v1/users/sif98rxoapenu2a6c078zb9rz,sif98rxoapenu2a6c078zb9rz,user,spotify:user:sif98rxoapenu2a6c078zb9rz,https://api.spotify.com/v1/playlists/0ei7Kz90Auon1CC1KpPF1P/tracks,50
41,False,"Some chill songs that you can play at any cookout... From Michael Jackson&#x27;s enthousiasm, to Bill Withers&#x27; warm voice. Still a work in progress. (Also fun for a fun time in the bedroom 11&#x2F;10 recommend)",https://api.spotify.com/v1/playlists/3u1jgVQw2CTNWZ8SmNF01i,3u1jgVQw2CTNWZ8SmNF01i,"[{'height': None, 'url': 'https://i.scdn.co/image/ab67706c0000bebb7ec660dc2495a9a10268784b', 'width': None}]",Black Barbecue Soul,,,NzgsZDY1MGJkZDVkYjk5MTE5M2E1YWFhYzY0NDc3MWU2YTg3ZmNkOWNiMw==,playlist,spotify:playlist:3u1jgVQw2CTNWZ8SmNF01i,https://open.spotify.com/playlist/3u1jgVQw2CTNWZ8SmNF01i,lodewuyts8,https://open.spotify.com/user/lodewuyts8,https://api.spotify.com/v1/users/lodewuyts8,lodewuyts8,user,spotify:user:lodewuyts8,https://api.spotify.com/v1/playlists/3u1jgVQw2CTNWZ8SmNF01i/tracks,69
42,False,,https://api.spotify.com/v1/playlists/51TUrdIGgBIhdlAtXI5f5b,51TUrdIGgBIhdlAtXI5f5b,"[{'height': None, 'url': 'https://i.scdn.co/image/ab67706c0000bebb03ee7f963750e8e438b55ff0', 'width': None}]",BARBECUE,,,NjkzLDk2Yjg1OTkxYTQ5MjI5ZWY5ZjlmNTBmZTI1ZjNlYmM5MmYyMDQ2NTI=,playlist,spotify:playlist:51TUrdIGgBIhdlAtXI5f5b,https://open.spotify.com/playlist/51TUrdIGgBIhdlAtXI5f5b,Jacob Peifer,https://open.spotify.com/user/jakethesnake76,https://api.spotify.com/v1/users/jakethesnake76,jakethesnake76,user,spotify:user:jakethesnake76,https://api.spotify.com/v1/playlists/51TUrdIGgBIhdlAtXI5f5b/tracks,277
43,False,Mix per una serata tra amici,https://api.spotify.com/v1/playlists/3VSATBW5TOarMtEpSBqwaV,3VSATBW5TOarMtEpSBqwaV,"[{'height': 640, 'url': 'https://mosaic.scdn.co/640/ab67616d0000b2735f12b8972764bf99452b0802ab67616d0000b2737c54e4183ace7f0b5419fed9ab67616d0000b27395aa0a881e13b4d3b0aba209ab67616d0000b273c44962ce51e2f7510e0f123b', 'width': 640}, {'height': 300, 'url': 'https://mosaic.scdn.co/300/ab67616d0000b2735f12b8972764bf99452b0802ab67616d0000b2737c54e4183ace7f0b5419fed9ab67616d0000b27395aa0a881e13b4d3b0aba209ab67616d0000b273c44962ce51e2f7510e0f123b', 'width': 300}, {'height': 60, 'url': 'https://mosaic.scdn.co/60/ab67616d0000b2735f12b8972764bf99452b0802ab67616d0000b2737c54e4183ace7f0b5419fed9ab67616d0000b27395aa0a881e13b4d3b0aba209ab67616d0000b273c44962ce51e2f7510e0f123b', 'width': 60}]",Italian Barbecue üç∫,,,MTMxLGQ4ZTBmNTcwN2NkNjc4YWVlNzUyZTYwZjkzMTQ2MWM2ZGNhZWY2OGE=,playlist,spotify:playlist:3VSATBW5TOarMtEpSBqwaV,https://open.spotify.com/playlist/3VSATBW5TOarMtEpSBqwaV,Felice Giusto,https://open.spotify.com/user/1190194311,https://api.spotify.com/v1/users/1190194311,1190194311,user,spotify:user:1190194311,https://api.spotify.com/v1/playlists/3VSATBW5TOarMtEpSBqwaV/tracks,82
44,False,,https://api.spotify.com/v1/playlists/0NqAOdW9SbO2Ea5iTVXAen,0NqAOdW9SbO2Ea5iTVXAen,"[{'height': 640, 'url': 'https://mosaic.scdn.co/640/ab67616d0000b2731621a56b7acf0f0c01335519ab67616d0000b2737cc94e776ebb63dd08c8422cab67616d0000b273a260f590ea3fe63473ac3ac0ab67616d0000b273d6d43a45746154bf87fd682b', 'width': 640}, {'height': 300, 'url': 'https://mosaic.scdn.co/300/ab67616d0000b2731621a56b7acf0f0c01335519ab67616d0000b2737cc94e776ebb63dd08c8422cab67616d0000b273a260f590ea3fe63473ac3ac0ab67616d0000b273d6d43a45746154bf87fd682b', 'width': 300}, {'height': 60, 'url': 'https://mosaic.scdn.co/60/ab67616d0000b2731621a56b7acf0f0c01335519ab67616d0000b2737cc94e776ebb63dd08c8422cab67616d0000b273a260f590ea3fe63473ac3ac0ab67616d0000b273d6d43a45746154bf87fd682b', 'width': 60}]",Hipster Backyard Barbecue,,,NzA3LGNiMjM2NTVhOGU1YzYwYTg4ZjFkYmJiZTYwM2UwOTA1ODJkNTQ5MDU=,playlist,spotify:playlist:0NqAOdW9SbO2Ea5iTVXAen,https://open.spotify.com/playlist/0NqAOdW9SbO2Ea5iTVXAen,Sam Renier,https://open.spotify.com/user/srenier,https://api.spotify.com/v1/users/srenier,srenier,user,spotify:user:srenier,https://api.spotify.com/v1/playlists/0NqAOdW9SbO2Ea5iTVXAen/tracks,570
45,False,,https://api.spotify.com/v1/playlists/3f9DLk5nbpBCP2MuS640GX,3f9DLk5nbpBCP2MuS640GX,"[{'height': 640, 'url': 'https://mosaic.scdn.co/640/ab67616d0000b2732dd1ac4a61495080ef8f78caab67616d0000b2735132ca4fc74bf9ef23ffe1a8ab67616d0000b2737cb0c4f7761f6dd66aaca065ab67616d0000b2738cca41a6d8d0cae2e9b15d14', 'width': 640}, {'height': 300, 'url': 'https://mosaic.scdn.co/300/ab67616d0000b2732dd1ac4a61495080ef8f78caab67616d0000b2735132ca4fc74bf9ef23ffe1a8ab67616d0000b2737cb0c4f7761f6dd66aaca065ab67616d0000b2738cca41a6d8d0cae2e9b15d14', 'width': 300}, {'height': 60, 'url': 'https://mosaic.scdn.co/60/ab67616d0000b2732dd1ac4a61495080ef8f78caab67616d0000b2735132ca4fc74bf9ef23ffe1a8ab67616d0000b2737cb0c4f7761f6dd66aaca065ab67616d0000b2738cca41a6d8d0cae2e9b15d14', 'width': 60}]",Barbecue mixtape,,,MTM1NCw1MjFkNDI0YWNhNDQ0MjU5NmUxYjg0NjliNzcyOWE4MTRkYTRiYmQw,playlist,spotify:playlist:3f9DLk5nbpBCP2MuS640GX,https://open.spotify.com/playlist/3f9DLk5nbpBCP2MuS640GX,Kaleb Squire,https://open.spotify.com/user/ksquyre,https://api.spotify.com/v1/users/ksquyre,ksquyre,user,spotify:user:ksquyre,https://api.spotify.com/v1/playlists/3f9DLk5nbpBCP2MuS640GX/tracks,603
46,False,,https://api.spotify.com/v1/playlists/7xsh6AUDeXZVnguKNe3StL,7xsh6AUDeXZVnguKNe3StL,"[{'height': 640, 'url': 'https://mosaic.scdn.co/640/ab67616d0000b2731e340d1480e7bb29a45e3bd7ab67616d0000b2733e40b472d708ea3c6bd86670ab67616d0000b27397405addc45faf568b2362e3ab67616d0000b273c85676e37cf146675a250054', 'width': 640}, {'height': 300, 'url': 'https://mosaic.scdn.co/300/ab67616d0000b2731e340d1480e7bb29a45e3bd7ab67616d0000b2733e40b472d708ea3c6bd86670ab67616d0000b27397405addc45faf568b2362e3ab67616d0000b273c85676e37cf146675a250054', 'width': 300}, {'height': 60, 'url': 'https://mosaic.scdn.co/60/ab67616d0000b2731e340d1480e7bb29a45e3bd7ab67616d0000b2733e40b472d708ea3c6bd86670ab67616d0000b27397405addc45faf568b2362e3ab67616d0000b273c85676e37cf146675a250054', 'width': 60}]",Barbecue ,,,NDEwLDQ0YjYyNzNkMDYyOGU3M2UyZWJhYjNjY2ZiNjkzZGNmOTY1YTlhMjc=,playlist,spotify:playlist:7xsh6AUDeXZVnguKNe3StL,https://open.spotify.com/playlist/7xsh6AUDeXZVnguKNe3StL,davidfuzaylov,https://open.spotify.com/user/davidfuzaylov,https://api.spotify.com/v1/users/davidfuzaylov,davidfuzaylov,user,spotify:user:davidfuzaylov,https://api.spotify.com/v1/playlists/7xsh6AUDeXZVnguKNe3StL/tracks,380
47,False,,https://api.spotify.com/v1/playlists/65OjPi4jxaQh0AADE8DLvS,65OjPi4jxaQh0AADE8DLvS,"[{'height': 640, 'url': 'https://mosaic.scdn.co/640/ab67616d0000b273105db7f723f33d9273fbf4d8ab67616d0000b27319dcd95d28b63d10164327f2ab67616d0000b2739c09b1d4bd81e0cc6dc1025bab67616d0000b273c68098bb3bb73febde6aae89', 'width': 640}, {'height': 300, 'url': 'https://mosaic.scdn.co/300/ab67616d0000b273105db7f723f33d9273fbf4d8ab67616d0000b27319dcd95d28b63d10164327f2ab67616d0000b2739c09b1d4bd81e0cc6dc1025bab67616d0000b273c68098bb3bb73febde6aae89', 'width': 300}, {'height': 60, 'url': 'https://mosaic.scdn.co/60/ab67616d0000b273105db7f723f33d9273fbf4d8ab67616d0000b27319dcd95d28b63d10164327f2ab67616d0000b2739c09b1d4bd81e0cc6dc1025bab67616d0000b273c68098bb3bb73febde6aae89', 'width': 60}]",Chill Barbecue,,,NjcsYTcwZTUyZTQzMzVmYmIxMDVlNWE5MmU1YjU2MTM0YzI4MjhkMjAyOQ==,playlist,spotify:playlist:65OjPi4jxaQh0AADE8DLvS,https://open.spotify.com/playlist/65OjPi4jxaQh0AADE8DLvS,Napoleon77510,https://open.spotify.com/user/d4wyt1b8b85jenxayal1evnr9,https://api.spotify.com/v1/users/d4wyt1b8b85jenxayal1evnr9,d4wyt1b8b85jenxayal1evnr9,user,spotify:user:d4wyt1b8b85jenxayal1evnr9,https://api.spotify.com/v1/playlists/65OjPi4jxaQh0AADE8DLvS/tracks,66
48,False,,https://api.spotify.com/v1/playlists/2mK9QySyJfYlPEUSxRVwzz,2mK9QySyJfYlPEUSxRVwzz,"[{'height': 640, 'url': 'https://mosaic.scdn.co/640/ab67616d0000b2730f6ce5c138493ac768d9afc8ab67616d0000b2732ae4fcec560ab559d6f5dc88ab67616d0000b2735695a657aef0e81bde0c6001ab67616d0000b273cc57e9b00b87dd0f6e868347', 'width': 640}, {'height': 300, 'url': 'https://mosaic.scdn.co/300/ab67616d0000b2730f6ce5c138493ac768d9afc8ab67616d0000b2732ae4fcec560ab559d6f5dc88ab67616d0000b2735695a657aef0e81bde0c6001ab67616d0000b273cc57e9b00b87dd0f6e868347', 'width': 300}, {'height': 60, 'url': 'https://mosaic.scdn.co/60/ab67616d0000b2730f6ce5c138493ac768d9afc8ab67616d0000b2732ae4fcec560ab559d6f5dc88ab67616d0000b2735695a657aef0e81bde0c6001ab67616d0000b273cc57e9b00b87dd0f6e868347', 'width': 60}]",Barbecue Mix,,,NTk3LDY5NzE5ZTM3ZmI2ZTFkNzcyMjdlODNkNGQzMDMxYmIyNTQ0ODAxMTQ=,playlist,spotify:playlist:2mK9QySyJfYlPEUSxRVwzz,https://open.spotify.com/playlist/2mK9QySyJfYlPEUSxRVwzz,mrreed2550,https://open.spotify.com/user/mrreed2550,https://api.spotify.com/v1/users/mrreed2550,mrreed2550,user,spotify:user:mrreed2550,https://api.spotify.com/v1/playlists/2mK9QySyJfYlPEUSxRVwzz/tracks,562
49,False,,https://api.spotify.com/v1/playlists/7IaLkvoctyKibnxWr1XmTI,7IaLkvoctyKibnxWr1XmTI,"[{'height': 640, 'url': 'https://mosaic.scdn.co/640/ab67616d0000b27325afdfbb5bb2a324fd8862fbab67616d0000b273bd380b44512df30db2bbf71eab67616d0000b273bfde6396478d799956f9e07fab67616d0000b273ff9f97096e052183d95d7f33', 'width': 640}, {'height': 300, 'url': 'https://mosaic.scdn.co/300/ab67616d0000b27325afdfbb5bb2a324fd8862fbab67616d0000b273bd380b44512df30db2bbf71eab67616d0000b273bfde6396478d799956f9e07fab67616d0000b273ff9f97096e052183d95d7f33', 'width': 300}, {'height': 60, 'url': 'https://mosaic.scdn.co/60/ab67616d0000b27325afdfbb5bb2a324fd8862fbab67616d0000b273bd380b44512df30db2bbf71eab67616d0000b273bfde6396478d799956f9e07fab67616d0000b273ff9f97096e052183d95d7f33', 'width': 60}]",üç§ barbecue ,,,MjYsZTA4M2Y3MzU3ZDA3NmY0ODFhMGMwODQ5MTI2NGNkYTU3NzhkMTNlNA==,playlist,spotify:playlist:7IaLkvoctyKibnxWr1XmTI,https://open.spotify.com/playlist/7IaLkvoctyKibnxWr1XmTI,Tazmyne Luschwitz,https://open.spotify.com/user/tazloosebitch,https://api.spotify.com/v1/users/tazloosebitch,tazloosebitch,user,spotify:user:tazloosebitch,https://api.spotify.com/v1/playlists/7IaLkvoctyKibnxWr1XmTI/tracks,25
50,False,Rock para o seu Churrasco!!! S√≥ n√£o esque√ßa de me chamar! :),https://api.spotify.com/v1/playlists/6T87fCUtgvmpd1yV7iJldU,6T87fCUtgvmpd1yV7iJldU,"[{'height': None, 'url': 'https://i.scdn.co/image/ab67706c0000bebbb1082d3222d249689a374c6d', 'width': None}]",Barbecue Rock,,,MTQ3LDAxYWIwZjI0MzdkYWVhZTY1MGIwMGM5ODNjN2IzNjllNDk5OTUzYzk=,playlist,spotify:playlist:6T87fCUtgvmpd1yV7iJldU,https://open.spotify.com/playlist/6T87fCUtgvmpd1yV7iJldU,thomas.gobbi,https://open.spotify.com/user/thomas.gobbi,https://api.spotify.com/v1/users/thomas.gobbi,thomas.gobbi,user,spotify:user:thomas.gobbi,https://api.spotify.com/v1/playlists/6T87fCUtgvmpd1yV7iJldU/tracks,112
51,False,nigga time,https://api.spotify.com/v1/playlists/2qh4FV4urzd34Gb1HBKEiG,2qh4FV4urzd34Gb1HBKEiG,"[{'height': None, 'url': 'https://i.scdn.co/image/ab67706c0000bebb59dbcfd635bd6b9d178ba55d', 'width': None}]",Barbecue,,,ODM5LDViZGUwYTNiMWQ0OWNhZDNiZGE3YmQ3MWRjOWIwNzdjZWYwYTI0YjQ=,playlist,spotify:playlist:2qh4FV4urzd34Gb1HBKEiG,https://open.spotify.com/playlist/2qh4FV4urzd34Gb1HBKEiG,1253609029,https://open.spotify.com/user/1253609029,https://api.spotify.com/v1/users/1253609029,1253609029,user,spotify:user:1253609029,https://api.spotify.com/v1/playlists/2qh4FV4urzd34Gb1HBKEiG/tracks,592
52,False,,https://api.spotify.com/v1/playlists/4jKTT6Obpucbejd10xPxUl,4jKTT6Obpucbejd10xPxUl,"[{'height': 640, 'url': 'https://mosaic.scdn.co/640/ab67616d0000b2730591768de50b4ff871686a3dab67616d0000b2732d5b39f8d44957accfe9e97dab67616d0000b2735a34af7f2b06eb84c17d833eab67616d0000b273865c594e832d54eedf64c296', 'width': 640}, {'height': 300, 'url': 'https://mosaic.scdn.co/300/ab67616d0000b2730591768de50b4ff871686a3dab67616d0000b2732d5b39f8d44957accfe9e97dab67616d0000b2735a34af7f2b06eb84c17d833eab67616d0000b273865c594e832d54eedf64c296', 'width': 300}, {'height': 60, 'url': 'https://mosaic.scdn.co/60/ab67616d0000b2730591768de50b4ff871686a3dab67616d0000b2732d5b39f8d44957accfe9e97dab67616d0000b2735a34af7f2b06eb84c17d833eab67616d0000b273865c594e832d54eedf64c296', 'width': 60}]",Barbecue,,,Mjk5LDU0N2UzZmRlMDUxYmQyYjRkOWY1NTkyYTJlZmNmZGUzZjE3MGU3Zjk=,playlist,spotify:playlist:4jKTT6Obpucbejd10xPxUl,https://open.spotify.com/playlist/4jKTT6Obpucbejd10xPxUl,ar8reabw5l2i548974f1qi0cu,https://open.spotify.com/user/ar8reabw5l2i548974f1qi0cu,https://api.spotify.com/v1/users/ar8reabw5l2i548974f1qi0cu,ar8reabw5l2i548974f1qi0cu,user,spotify:user:ar8reabw5l2i548974f1qi0cu,https://api.spotify.com/v1/playlists/4jKTT6Obpucbejd10xPxUl/tracks,309
53,False,,https://api.spotify.com/v1/playlists/4sm4aleOAOoQqSXOy4Rb5f,4sm4aleOAOoQqSXOy4Rb5f,"[{'height': 640, 'url': 'https://mosaic.scdn.co/640/ab67616d0000b2731431c3bdf16aa99f71799d95ab67616d0000b2733256152466a6c97c1c412ad7ab67616d0000b273af72d0856c5527dc97f3ea08ab67616d0000b273bad7062c3fd2f2d037989694', 'width': 640}, {'height': 300, 'url': 'https://mosaic.scdn.co/300/ab67616d0000b2731431c3bdf16aa99f71799d95ab67616d0000b2733256152466a6c97c1c412ad7ab67616d0000b273af72d0856c5527dc97f3ea08ab67616d0000b273bad7062c3fd2f2d037989694', 'width': 300}, {'height': 60, 'url': 'https://mosaic.scdn.co/60/ab67616d0000b2731431c3bdf16aa99f71799d95ab67616d0000b2733256152466a6c97c1c412ad7ab67616d0000b273af72d0856c5527dc97f3ea08ab67616d0000b273bad7062c3fd2f2d037989694', 'width': 60}]",Playlist Barbecue,,,NjYsZTVmOTBhMjE0NTE3MjhjMDg2OGQ5OTY0MWMwNDQ1NGE4OTFhMjI0Ng==,playlist,spotify:playlist:4sm4aleOAOoQqSXOy4Rb5f,https://open.spotify.com/playlist/4sm4aleOAOoQqSXOy4Rb5f,bastien.louf,https://open.spotify.com/user/bastien.louf,https://api.spotify.com/v1/users/bastien.louf,bastien.louf,user,spotify:user:bastien.louf,https://api.spotify.com/v1/playlists/4sm4aleOAOoQqSXOy4Rb5f/tracks,64
54,False,Jesus fuck I hate him so much I‚Äôm gonna kill him tonight that tax evading ratshit. I‚Äôm gonna send Remy from ratatouille on his fucking ass and kick his little ass. Stuart little ruined my family. My wife cheated on me with Stuart fucking little. He thinks he‚Äôs so much better than us cause he‚Äôs a,https://api.spotify.com/v1/playlists/2jteKDbgzOVO4N7kFcmelU,2jteKDbgzOVO4N7kFcmelU,"[{'height': None, 'url': 'https://i.scdn.co/image/ab67706c0000bebb95bbe941a6f10c5cb66e4fad', 'width': None}]",Barbecued Doughnuts,,,MTQ0LDU5YjcwMzVhMTA4ODNjM2VlMDIxZDFiYWEzNjgwOThiNTk5NjNhZjc=,playlist,spotify:playlist:2jteKDbgzOVO4N7kFcmelU,https://open.spotify.com/playlist/2jteKDbgzOVO4N7kFcmelU,Joren,https://open.spotify.com/user/richard_hammond,https://api.spotify.com/v1/users/richard_hammond,richard_hammond,user,spotify:user:richard_hammond,https://api.spotify.com/v1/playlists/2jteKDbgzOVO4N7kFcmelU/tracks,90
55,False,"A family friendly mix of pop, rock, country, oldies, hits from kids movies, and generally happy tunes for everyone!",https://api.spotify.com/v1/playlists/4c2mE6JuYrUmZvLvWK7yKR,4c2mE6JuYrUmZvLvWK7yKR,"[{'height': 640, 'url': 'https://mosaic.scdn.co/640/ab67616d0000b273300dd939c3081ff12fa69284ab67616d0000b27339e350ecb6693b19c6608dabab67616d0000b273c13acd642ba9f6f5f127aa1bab67616d0000b273f67fbf0d465cca2b3e25af96', 'width': 640}, {'height': 300, 'url': 'https://mosaic.scdn.co/300/ab67616d0000b273300dd939c3081ff12fa69284ab67616d0000b27339e350ecb6693b19c6608dabab67616d0000b273c13acd642ba9f6f5f127aa1bab67616d0000b273f67fbf0d465cca2b3e25af96', 'width': 300}, {'height': 60, 'url': 'https://mosaic.scdn.co/60/ab67616d0000b273300dd939c3081ff12fa69284ab67616d0000b27339e350ecb6693b19c6608dabab67616d0000b273c13acd642ba9f6f5f127aa1bab67616d0000b273f67fbf0d465cca2b3e25af96', 'width': 60}]",Afternoon Barbecue,,,MzgwLDM2MThlNDQ4Yjc5ZmU4OTM1MWJlNDQyN2I0ZGY2NjAzZmU1MzhkMTg=,playlist,spotify:playlist:4c2mE6JuYrUmZvLvWK7yKR,https://open.spotify.com/playlist/4c2mE6JuYrUmZvLvWK7yKR,Laura Homokay,https://open.spotify.com/user/12186330954,https://api.spotify.com/v1/users/12186330954,12186330954,user,spotify:user:12186330954,https://api.spotify.com/v1/playlists/4c2mE6JuYrUmZvLvWK7yKR/tracks,102
56,False,International Barbecue Festival,https://api.spotify.com/v1/playlists/3cP60IOKHLZAmjm97eBJOz,3cP60IOKHLZAmjm97eBJOz,"[{'height': None, 'url': 'https://i.scdn.co/image/ab67706c0000bebb3363f7fa5d0c2ec7130fd2ee', 'width': None}]",Churrascada,,,ODE0LDIzYjkxODUxNGQwN2MzYTFlZDE2Yzg3YTQyNGY1YWY2ZWMzOTdlYjc=,playlist,spotify:playlist:3cP60IOKHLZAmjm97eBJOz,https://open.spotify.com/playlist/3cP60IOKHLZAmjm97eBJOz,Haute,https://open.spotify.com/user/agenciahaute,https://api.spotify.com/v1/users/agenciahaute,agenciahaute,user,spotify:user:agenciahaute,https://api.spotify.com/v1/playlists/3cP60IOKHLZAmjm97eBJOz/tracks,130
57,False,"Alt Pop, New Pop, Chill Pop &amp; Indie Pop. Perfect for road trips, campfires, sunsets &amp; backyard barbecues. Chill, vibey, catchy and upbeat. --- Send us your submissions: www.marblecollectivemusic.com",https://api.spotify.com/v1/playlists/0v6uRryP7nwoQyImZpV4kw,0v6uRryP7nwoQyImZpV4kw,"[{'height': None, 'url': 'https://i.scdn.co/image/ab67706c0000bebb4bef715b82f174ba2eed167c', 'width': None}]",Alt-Pop Favourites,,,ODUyLDE0M2Y5Yzk0OTdkNjEzMjZmYWEzZDc4MjI5NGQ4NzBhOWZkNTI2MmQ=,playlist,spotify:playlist:0v6uRryP7nwoQyImZpV4kw,https://open.spotify.com/playlist/0v6uRryP7nwoQyImZpV4kw,Marble Collective,https://open.spotify.com/user/li4wkomx6qgbzucegqo01bhzj,https://api.spotify.com/v1/users/li4wkomx6qgbzucegqo01bhzj,li4wkomx6qgbzucegqo01bhzj,user,spotify:user:li4wkomx6qgbzucegqo01bhzj,https://api.spotify.com/v1/playlists/0v6uRryP7nwoQyImZpV4kw/tracks,82
58,False,,https://api.spotify.com/v1/playlists/1jc0TDMDnbIQpDkVT5MLb3,1jc0TDMDnbIQpDkVT5MLb3,"[{'height': 640, 'url': 'https://mosaic.scdn.co/640/ab67616d0000b2730091f4b1a4701c452b6d21ebab67616d0000b273317f63dd5214d9a5d2cb7c71ab67616d0000b27358e70580933aa8c99b653a3cab67616d0000b273a8fd83d856b49e0519c2d921', 'width': 640}, {'height': 300, 'url': 'https://mosaic.scdn.co/300/ab67616d0000b2730091f4b1a4701c452b6d21ebab67616d0000b273317f63dd5214d9a5d2cb7c71ab67616d0000b27358e70580933aa8c99b653a3cab67616d0000b273a8fd83d856b49e0519c2d921', 'width': 300}, {'height': 60, 'url': 'https://mosaic.scdn.co/60/ab67616d0000b2730091f4b1a4701c452b6d21ebab67616d0000b273317f63dd5214d9a5d2cb7c71ab67616d0000b27358e70580933aa8c99b653a3cab67616d0000b273a8fd83d856b49e0519c2d921', 'width': 60}]",Barbecue,,,MjcsMzc0OTU1OGY2Njk0NDRlNTk1NzRhOWEyOGJiNGFlZmEzNGRjNzY1NQ==,playlist,spotify:playlist:1jc0TDMDnbIQpDkVT5MLb3,https://open.spotify.com/playlist/1jc0TDMDnbIQpDkVT5MLb3,Jacksontiana,https://open.spotify.com/user/yl0e21cuqnthyv7ixdjyp8a7d,https://api.spotify.com/v1/users/yl0e21cuqnthyv7ixdjyp8a7d,yl0e21cuqnthyv7ixdjyp8a7d,user,spotify:user:yl0e21cuqnthyv7ixdjyp8a7d,https://api.spotify.com/v1/playlists/1jc0TDMDnbIQpDkVT5MLb3/tracks,12
59,False,,https://api.spotify.com/v1/playlists/4TJQR6DT30BwfPvpNeKoI9,4TJQR6DT30BwfPvpNeKoI9,"[{'height': 640, 'url': 'https://mosaic.scdn.co/640/ab67616d0000b2733960505e249b30cac0ce8d82ab67616d0000b27393f3fcfcd0357b79608fc867ab67616d0000b273a2be860fef837e67e322a522ab67616d0000b273cd9d8bc9ef04014b6e90e182', 'width': 640}, {'height': 300, 'url': 'https://mosaic.scdn.co/300/ab67616d0000b2733960505e249b30cac0ce8d82ab67616d0000b27393f3fcfcd0357b79608fc867ab67616d0000b273a2be860fef837e67e322a522ab67616d0000b273cd9d8bc9ef04014b6e90e182', 'width': 300}, {'height': 60, 'url': 'https://mosaic.scdn.co/60/ab67616d0000b2733960505e249b30cac0ce8d82ab67616d0000b27393f3fcfcd0357b79608fc867ab67616d0000b273a2be860fef837e67e322a522ab67616d0000b273cd9d8bc9ef04014b6e90e182', 'width': 60}]",Barbecue,,,NzYsMzdlZmJiOGVjYjgxYjQ0ZmE0YWMzODc4YTk0ZjEwNDExNjRhNDhjNw==,playlist,spotify:playlist:4TJQR6DT30BwfPvpNeKoI9,https://open.spotify.com/playlist/4TJQR6DT30BwfPvpNeKoI9,ashhammo,https://open.spotify.com/user/ashhammo,https://api.spotify.com/v1/users/ashhammo,ashhammo,user,spotify:user:ashhammo,https://api.spotify.com/v1/playlists/4TJQR6DT30BwfPvpNeKoI9/tracks,149
60,False,,https://api.spotify.com/v1/playlists/6zUUqdmgz2RTMtey6HHOQh,6zUUqdmgz2RTMtey6HHOQh,"[{'height': 640, 'url': 'https://mosaic.scdn.co/640/ab67616d0000b27318a60e208aedee164891f7baab67616d0000b273418362b300f8004229d39facab67616d0000b273ea6d6fb067fbf1351548d213ab67616d0000b273eb19edf54ac380fb77615cba', 'width': 640}, {'height': 300, 'url': 'https://mosaic.scdn.co/300/ab67616d0000b27318a60e208aedee164891f7baab67616d0000b273418362b300f8004229d39facab67616d0000b273ea6d6fb067fbf1351548d213ab67616d0000b273eb19edf54ac380fb77615cba', 'width': 300}, {'height': 60, 'url': 'https://mosaic.scdn.co/60/ab67616d0000b27318a60e208aedee164891f7baab67616d0000b273418362b300f8004229d39facab67616d0000b273ea6d6fb067fbf1351548d213ab67616d0000b273eb19edf54ac380fb77615cba', 'width': 60}]",Barbecue tracks,,,MzM0LDVlNjkwZTYxYzBjZWVmYjgwMWEyNTQwZTE3MTlkY2Q4ODNlYmYwMDk=,playlist,spotify:playlist:6zUUqdmgz2RTMtey6HHOQh,https://open.spotify.com/playlist/6zUUqdmgz2RTMtey6HHOQh,Fab Intothewild,https://open.spotify.com/user/313625dxu6tpe2ekl3rqvqpjwv4q,https://api.spotify.com/v1/users/313625dxu6tpe2ekl3rqvqpjwv4q,313625dxu6tpe2ekl3rqvqpjwv4q,user,spotify:user:313625dxu6tpe2ekl3rqvqpjwv4q,https://api.spotify.com/v1/playlists/6zUUqdmgz2RTMtey6HHOQh/tracks,259
61,False,litties,https://api.spotify.com/v1/playlists/413IMZI113oPHJsh7ZYJB6,413IMZI113oPHJsh7ZYJB6,"[{'height': None, 'url': 'https://i.scdn.co/image/ab67706c0000bebbacb64408be58adc9d80dcac0', 'width': None}]",Barbecue sauce,,,MTIxOSxiMTk0OGEwYWJhNmExYjhiMTg5NDY5NTI4NjJiMzE4OWJkZTNlODFi,playlist,spotify:playlist:413IMZI113oPHJsh7ZYJB6,https://open.spotify.com/playlist/413IMZI113oPHJsh7ZYJB6,veganrealfoood,https://open.spotify.com/user/veganrealfoood,https://api.spotify.com/v1/users/veganrealfoood,veganrealfoood,user,spotify:user:veganrealfoood,https://api.spotify.com/v1/playlists/413IMZI113oPHJsh7ZYJB6/tracks,293
62,False,,https://api.spotify.com/v1/playlists/5rQhJv7bJdB9InkRwyHAZc,5rQhJv7bJdB9InkRwyHAZc,"[{'height': 640, 'url': 'https://mosaic.scdn.co/640/ab67616d0000b27309880a7b8636c5a0615dc0c8ab67616d0000b27317e1907923e91181f38290acab67616d0000b2734a052b99c042dc15f933145bab67616d0000b273b05ca66ebcd3135cc47ce993', 'width': 640}, {'height': 300, 'url': 'https://mosaic.scdn.co/300/ab67616d0000b27309880a7b8636c5a0615dc0c8ab67616d0000b27317e1907923e91181f38290acab67616d0000b2734a052b99c042dc15f933145bab67616d0000b273b05ca66ebcd3135cc47ce993', 'width': 300}, {'height': 60, 'url': 'https://mosaic.scdn.co/60/ab67616d0000b27309880a7b8636c5a0615dc0c8ab67616d0000b27317e1907923e91181f38290acab67616d0000b2734a052b99c042dc15f933145bab67616d0000b273b05ca66ebcd3135cc47ce993', 'width': 60}]",Barbecue,,,MTQzLDlhMDQzZTdhNTdkMThlZTMzYTE3YjZiZGI5NTgyYjQwNDQzNWQ5NGM=,playlist,spotify:playlist:5rQhJv7bJdB9InkRwyHAZc,https://open.spotify.com/playlist/5rQhJv7bJdB9InkRwyHAZc,mcolls,https://open.spotify.com/user/mcolls,https://api.spotify.com/v1/users/mcolls,mcolls,user,spotify:user:mcolls,https://api.spotify.com/v1/playlists/5rQhJv7bJdB9InkRwyHAZc/tracks,116
63,False,,https://api.spotify.com/v1/playlists/75cV0Ebsw0WTPzeWDOfYaR,75cV0Ebsw0WTPzeWDOfYaR,"[{'height': 640, 'url': 'https://mosaic.scdn.co/640/ab67616d0000b2731dcc2476bfef39515e3b473aab67616d0000b27323ed6d11c4dff5ce4c47a7e7ab67616d0000b2734fb043195e8d07e72edc7226ab67616d0000b273ba7fe7dd76cd4307e57dd75f', 'width': 640}, {'height': 300, 'url': 'https://mosaic.scdn.co/300/ab67616d0000b2731dcc2476bfef39515e3b473aab67616d0000b27323ed6d11c4dff5ce4c47a7e7ab67616d0000b2734fb043195e8d07e72edc7226ab67616d0000b273ba7fe7dd76cd4307e57dd75f', 'width': 300}, {'height': 60, 'url': 'https://mosaic.scdn.co/60/ab67616d0000b2731dcc2476bfef39515e3b473aab67616d0000b27323ed6d11c4dff5ce4c47a7e7ab67616d0000b2734fb043195e8d07e72edc7226ab67616d0000b273ba7fe7dd76cd4307e57dd75f', 'width': 60}]",American Barbecue ,,,NDUsYmE0NGY4OWZjMDkyYzlmM2YwZGZhYjJkNmY5NTNmODczNjAyYjg2ZQ==,playlist,spotify:playlist:75cV0Ebsw0WTPzeWDOfYaR,https://open.spotify.com/playlist/75cV0Ebsw0WTPzeWDOfYaR,Roberto Felippe Vieira Cardoso,https://open.spotify.com/user/22c6lap3cmjxozc7mjaxehh4y,https://api.spotify.com/v1/users/22c6lap3cmjxozc7mjaxehh4y,22c6lap3cmjxozc7mjaxehh4y,user,spotify:user:22c6lap3cmjxozc7mjaxehh4y,https://api.spotify.com/v1/playlists/75cV0Ebsw0WTPzeWDOfYaR/tracks,44
64,False,,https://api.spotify.com/v1/playlists/5HD0qol6OiBAEKMxVvbN4e,5HD0qol6OiBAEKMxVvbN4e,"[{'height': 640, 'url': 'https://mosaic.scdn.co/640/ab67616d0000b27302ceea7606a2701326c8129aab67616d0000b273de32a6662a7db272328f4761ab67616d0000b273e15ed14cb9cb4a9908f6cddeab67616d0000b273f54b99bf27cda88f4a7403ce', 'width': 640}, {'height': 300, 'url': 'https://mosaic.scdn.co/300/ab67616d0000b27302ceea7606a2701326c8129aab67616d0000b273de32a6662a7db272328f4761ab67616d0000b273e15ed14cb9cb4a9908f6cddeab67616d0000b273f54b99bf27cda88f4a7403ce', 'width': 300}, {'height': 60, 'url': 'https://mosaic.scdn.co/60/ab67616d0000b27302ceea7606a2701326c8129aab67616d0000b273de32a6662a7db272328f4761ab67616d0000b273e15ed14cb9cb4a9908f6cddeab67616d0000b273f54b99bf27cda88f4a7403ce', 'width': 60}]",barbecue sauce.,,,MTA0LDY0MWM4NzhkOGY0MGIwZjRjOGUzNjdjMGY4NjMzNmFmYmFlMDdhZGI=,playlist,spotify:playlist:5HD0qol6OiBAEKMxVvbN4e,https://open.spotify.com/playlist/5HD0qol6OiBAEKMxVvbN4e,rileigh,https://open.spotify.com/user/9zrwifgpn5fm606fch66195hy,https://api.spotify.com/v1/users/9zrwifgpn5fm606fch66195hy,9zrwifgpn5fm606fch66195hy,user,spotify:user:9zrwifgpn5fm606fch66195hy,https://api.spotify.com/v1/playlists/5HD0qol6OiBAEKMxVvbN4e/tracks,99
65,False,,https://api.spotify.com/v1/playlists/3fXIgTYUUJkCmJe7tiUMhc,3fXIgTYUUJkCmJe7tiUMhc,"[{'height': None, 'url': 'https://i.scdn.co/image/ab67706c0000bebbf4a095de0578cf3dc3ae24d1', 'width': None}]",Barbecueüòé,,,NDUsZTI4YWI4NzE0ODExMDVkNDRjYmNmNDUzZmVhZWExNGUyNDkxNDAwNg==,playlist,spotify:playlist:3fXIgTYUUJkCmJe7tiUMhc,https://open.spotify.com/playlist/3fXIgTYUUJkCmJe7tiUMhc,Jeffcott,https://open.spotify.com/user/jeffershj,https://api.spotify.com/v1/users/jeffershj,jeffershj,user,spotify:user:jeffershj,https://api.spotify.com/v1/playlists/3fXIgTYUUJkCmJe7tiUMhc/tracks,28
66,False,,https://api.spotify.com/v1/playlists/0yhtXIem6yTuNrT2KQlaSr,0yhtXIem6yTuNrT2KQlaSr,"[{'height': 640, 'url': 'https://mosaic.scdn.co/640/ab67616d0000b2734121faee8df82c526cbab2beab67616d0000b27352f532df7ba3269b0242fed9ab67616d0000b2735755e164993798e0c9ef7d7aab67616d0000b273a2fc41b0dd6ce4f0d16a4c46', 'width': 640}, {'height': 300, 'url': 'https://mosaic.scdn.co/300/ab67616d0000b2734121faee8df82c526cbab2beab67616d0000b27352f532df7ba3269b0242fed9ab67616d0000b2735755e164993798e0c9ef7d7aab67616d0000b273a2fc41b0dd6ce4f0d16a4c46', 'width': 300}, {'height': 60, 'url': 'https://mosaic.scdn.co/60/ab67616d0000b2734121faee8df82c526cbab2beab67616d0000b27352f532df7ba3269b0242fed9ab67616d0000b2735755e164993798e0c9ef7d7aab67616d0000b273a2fc41b0dd6ce4f0d16a4c46', 'width': 60}]",80s Barbecue,,,ODEsZTliM2NjZmM3OTRhMDYyMDUyNjM0MDEzOTUyNTAxMmQzNTIzZDQ3Zg==,playlist,spotify:playlist:0yhtXIem6yTuNrT2KQlaSr,https://open.spotify.com/playlist/0yhtXIem6yTuNrT2KQlaSr,Rob,https://open.spotify.com/user/i7gyxnvf67d4fgbsyxdar2gwk,https://api.spotify.com/v1/users/i7gyxnvf67d4fgbsyxdar2gwk,i7gyxnvf67d4fgbsyxdar2gwk,user,spotify:user:i7gyxnvf67d4fgbsyxdar2gwk,https://api.spotify.com/v1/playlists/0yhtXIem6yTuNrT2KQlaSr/tracks,80
67,False,,https://api.spotify.com/v1/playlists/2735eWc5hwK4dtBuJDFNE4,2735eWc5hwK4dtBuJDFNE4,"[{'height': None, 'url': 'https://i.scdn.co/image/ab67706c0000bebb437684731983ceb7e041bbbf', 'width': None}]",Barbecue dad's üçîü•©üå≠üçª,,,Njc5LGE0MWQwOGZiNjhlOTRiZWViYjVmZDc2NjMwNDMwMTJiMGNlMmQ1NmE=,playlist,spotify:playlist:2735eWc5hwK4dtBuJDFNE4,https://open.spotify.com/playlist/2735eWc5hwK4dtBuJDFNE4,Amanda_trevor,https://open.spotify.com/user/rdo7fdz4o4lwrwmzgkjlpi82b,https://api.spotify.com/v1/users/rdo7fdz4o4lwrwmzgkjlpi82b,rdo7fdz4o4lwrwmzgkjlpi82b,user,spotify:user:rdo7fdz4o4lwrwmzgkjlpi82b,https://api.spotify.com/v1/playlists/2735eWc5hwK4dtBuJDFNE4/tracks,414
68,False,,https://api.spotify.com/v1/playlists/3m1EGgctWU8kUbuLxqsBaW,3m1EGgctWU8kUbuLxqsBaW,"[{'height': 640, 'url': 'https://mosaic.scdn.co/640/ab67616d0000b27346c6f5a599c48010f61e7101ab67616d0000b27356ac7b86e090f307e218e9c8ab67616d0000b2739478c87599550dd73bfa7e02ab67616d0000b273b7d69f48b104003377bf6984', 'width': 640}, {'height': 300, 'url': 'https://mosaic.scdn.co/300/ab67616d0000b27346c6f5a599c48010f61e7101ab67616d0000b27356ac7b86e090f307e218e9c8ab67616d0000b2739478c87599550dd73bfa7e02ab67616d0000b273b7d69f48b104003377bf6984', 'width': 300}, {'height': 60, 'url': 'https://mosaic.scdn.co/60/ab67616d0000b27346c6f5a599c48010f61e7101ab67616d0000b27356ac7b86e090f307e218e9c8ab67616d0000b2739478c87599550dd73bfa7e02ab67616d0000b273b7d69f48b104003377bf6984', 'width': 60}]",Barbecue,,,MjMzLDNhNjllNmYyYTJmN2IxNGEzZTVlN2YyYWIxZmQzMTBjNjgxNmI5YjQ=,playlist,spotify:playlist:3m1EGgctWU8kUbuLxqsBaW,https://open.spotify.com/playlist/3m1EGgctWU8kUbuLxqsBaW,Peter B Parker,https://open.spotify.com/user/onimasuta,https://api.spotify.com/v1/users/onimasuta,onimasuta,user,spotify:user:onimasuta,https://api.spotify.com/v1/playlists/3m1EGgctWU8kUbuLxqsBaW/tracks,135
69,False,Songs that make your dad tap his white new balance sneaker and say &#x27;hey this playlist isn&#x27;t half bad&#x27;,https://api.spotify.com/v1/playlists/1gdAhon58lZNc5lNpoIM6T,1gdAhon58lZNc5lNpoIM6T,"[{'height': 640, 'url': 'https://mosaic.scdn.co/640/ab67616d0000b27301ed248b4ac01c868e688322ab67616d0000b273b1945b44ce8868740f132f8eab67616d0000b273b46e7ea6a6b2fa45caa23393ab67616d0000b273fb5915d057d11457b1ece844', 'width': 640}, {'height': 300, 'url': 'https://mosaic.scdn.co/300/ab67616d0000b27301ed248b4ac01c868e688322ab67616d0000b273b1945b44ce8868740f132f8eab67616d0000b273b46e7ea6a6b2fa45caa23393ab67616d0000b273fb5915d057d11457b1ece844', 'width': 300}, {'height': 60, 'url': 'https://mosaic.scdn.co/60/ab67616d0000b27301ed248b4ac01c868e688322ab67616d0000b273b1945b44ce8868740f132f8eab67616d0000b273b46e7ea6a6b2fa45caa23393ab67616d0000b273fb5915d057d11457b1ece844', 'width': 60}]",Classic Rock Barbecue,,,NjYsZWY3MTY1MDc1MDJmYTc1NzEzMDk3Nzg4MzZiYTEyOWIwZTViODU1NQ==,playlist,spotify:playlist:1gdAhon58lZNc5lNpoIM6T,https://open.spotify.com/playlist/1gdAhon58lZNc5lNpoIM6T,Lily Bettencourt,https://open.spotify.com/user/lily_bettencourt,https://api.spotify.com/v1/users/lily_bettencourt,lily_bettencourt,user,spotify:user:lily_bettencourt,https://api.spotify.com/v1/playlists/1gdAhon58lZNc5lNpoIM6T/tracks,61
70,False,Can&#x27;t stop having these visions,https://api.spotify.com/v1/playlists/1DbYjuw1EEnXpr4jq83idC,1DbYjuw1EEnXpr4jq83idC,"[{'height': None, 'url': 'https://i.scdn.co/image/ab67706c0000bebbbdc40800091dd83da81cc3d4', 'width': None}]",Barbecue Chicken,,,ODA3LGM1ODk5ZWRiMDdiOWVkYmFhOTIyOGFhNDBjMTIxMmYwMTg4ZDdlMTY=,playlist,spotify:playlist:1DbYjuw1EEnXpr4jq83idC,https://open.spotify.com/playlist/1DbYjuw1EEnXpr4jq83idC,Chief Sheesh,https://open.spotify.com/user/n3fad7gyhui1dleoovv9exjvi,https://api.spotify.com/v1/users/n3fad7gyhui1dleoovv9exjvi,n3fad7gyhui1dleoovv9exjvi,user,spotify:user:n3fad7gyhui1dleoovv9exjvi,https://api.spotify.com/v1/playlists/1DbYjuw1EEnXpr4jq83idC/tracks,648
71,False,,https://api.spotify.com/v1/playlists/4ls3ceaFxkvAr50iJQINwd,4ls3ceaFxkvAr50iJQINwd,"[{'height': 640, 'url': 'https://mosaic.scdn.co/640/ab67616d0000b2732cbc0b5f6d47d0b6c667708eab67616d0000b2739e1683774b22648f4f178ed3ab67616d0000b273df7cddc2d32ef9df762d5a30ab67616d0000b273fd19cb35faf70d0a81466da7', 'width': 640}, {'height': 300, 'url': 'https://mosaic.scdn.co/300/ab67616d0000b2732cbc0b5f6d47d0b6c667708eab67616d0000b2739e1683774b22648f4f178ed3ab67616d0000b273df7cddc2d32ef9df762d5a30ab67616d0000b273fd19cb35faf70d0a81466da7', 'width': 300}, {'height': 60, 'url': 'https://mosaic.scdn.co/60/ab67616d0000b2732cbc0b5f6d47d0b6c667708eab67616d0000b2739e1683774b22648f4f178ed3ab67616d0000b273df7cddc2d32ef9df762d5a30ab67616d0000b273fd19cb35faf70d0a81466da7', 'width': 60}]",Pool Barbecue,,,MjQ2LGNlMGNiYWM4N2JmMGM0NGY1MWYxNWMwOGE5ZDQwMzM0NzEwZTA5Mzc=,playlist,spotify:playlist:4ls3ceaFxkvAr50iJQINwd,https://open.spotify.com/playlist/4ls3ceaFxkvAr50iJQINwd,albert1078,https://open.spotify.com/user/albert1078,https://api.spotify.com/v1/users/albert1078,albert1078,user,spotify:user:albert1078,https://api.spotify.com/v1/playlists/4ls3ceaFxkvAr50iJQINwd/tracks,193
72,False,,https://api.spotify.com/v1/playlists/5kxFEZCSNDsbCn6OQtKgM2,5kxFEZCSNDsbCn6OQtKgM2,"[{'height': 640, 'url': 'https://mosaic.scdn.co/640/ab67616d0000b2733252cc6af7692cb77b63e66aab67616d0000b2733e64828eac77894d8ef95588ab67616d0000b27356dad90d770d8ecb72e7b86eab67616d0000b273f937fcfe85c48f3939f886af', 'width': 640}, {'height': 300, 'url': 'https://mosaic.scdn.co/300/ab67616d0000b2733252cc6af7692cb77b63e66aab67616d0000b2733e64828eac77894d8ef95588ab67616d0000b27356dad90d770d8ecb72e7b86eab67616d0000b273f937fcfe85c48f3939f886af', 'width': 300}, {'height': 60, 'url': 'https://mosaic.scdn.co/60/ab67616d0000b2733252cc6af7692cb77b63e66aab67616d0000b2733e64828eac77894d8ef95588ab67616d0000b27356dad90d770d8ecb72e7b86eab67616d0000b273f937fcfe85c48f3939f886af', 'width': 60}]",Pearl beach barbecue ,,,MjgwNSw3OTEyMWU0MGEzMTUxMWYyMGJkZDgyY2U4OTAwYmJiMGRhMGJiNjQ1,playlist,spotify:playlist:5kxFEZCSNDsbCn6OQtKgM2,https://open.spotify.com/playlist/5kxFEZCSNDsbCn6OQtKgM2,connor_moore-au,https://open.spotify.com/user/connor_moore-au,https://api.spotify.com/v1/users/connor_moore-au,connor_moore-au,user,spotify:user:connor_moore-au,https://api.spotify.com/v1/playlists/5kxFEZCSNDsbCn6OQtKgM2/tracks,2798
73,False,,https://api.spotify.com/v1/playlists/3kCMeYex79EA7niMOoyY3O,3kCMeYex79EA7niMOoyY3O,"[{'height': None, 'url': 'https://i.scdn.co/image/ab67706c0000bebbb39e51cce8bb477f2d9b8a11', 'width': None}]",Barbecue,,,ODQsMTc1YWQzZTA3NzIzN2Q3NmM0NDg3MjNkODExMDFmZTZlZGJjZmNkZg==,playlist,spotify:playlist:3kCMeYex79EA7niMOoyY3O,https://open.spotify.com/playlist/3kCMeYex79EA7niMOoyY3O,lauryn,https://open.spotify.com/user/f6lftznhom62u9b367q81u2lg,https://api.spotify.com/v1/users/f6lftznhom62u9b367q81u2lg,f6lftznhom62u9b367q81u2lg,user,spotify:user:f6lftznhom62u9b367q81u2lg,https://api.spotify.com/v1/playlists/3kCMeYex79EA7niMOoyY3O/tracks,68
74,False,,https://api.spotify.com/v1/playlists/4aYKUzB0g8Z0lsDlBWhxgK,4aYKUzB0g8Z0lsDlBWhxgK,"[{'height': 640, 'url': 'https://mosaic.scdn.co/640/ab67616d0000b2735cbb5fba22a92557b60f8e22ab67616d0000b2739f35fe556090775956526166ab67616d0000b273a91fd29c256aa2ab39ff2074ab67616d0000b273f0537a216f21ef98dc21f41b', 'width': 640}, {'height': 300, 'url': 'https://mosaic.scdn.co/300/ab67616d0000b2735cbb5fba22a92557b60f8e22ab67616d0000b2739f35fe556090775956526166ab67616d0000b273a91fd29c256aa2ab39ff2074ab67616d0000b273f0537a216f21ef98dc21f41b', 'width': 300}, {'height': 60, 'url': 'https://mosaic.scdn.co/60/ab67616d0000b2735cbb5fba22a92557b60f8e22ab67616d0000b2739f35fe556090775956526166ab67616d0000b273a91fd29c256aa2ab39ff2074ab67616d0000b273f0537a216f21ef98dc21f41b', 'width': 60}]",Barbecue ,,,OTYsNzcxY2Y2YTBjZmEwOTkzMWRmYzg0MTQ1MjNiNmNlZmUxMmY1MmIzNw==,playlist,spotify:playlist:4aYKUzB0g8Z0lsDlBWhxgK,https://open.spotify.com/playlist/4aYKUzB0g8Z0lsDlBWhxgK,Lulu,https://open.spotify.com/user/7iyjwqxsqru5y55cgpxgtllbs,https://api.spotify.com/v1/users/7iyjwqxsqru5y55cgpxgtllbs,7iyjwqxsqru5y55cgpxgtllbs,user,spotify:user:7iyjwqxsqru5y55cgpxgtllbs,https://api.spotify.com/v1/playlists/4aYKUzB0g8Z0lsDlBWhxgK/tracks,93
75,False,,https://api.spotify.com/v1/playlists/464eCO4x6qxdWRoPF0Fuka,464eCO4x6qxdWRoPF0Fuka,"[{'height': None, 'url': 'https://i.scdn.co/image/ab67706c0000bebbc652406951c665c8206cfcbe', 'width': None}]",Barbecued dicks,,,MjExLGI1YmJhNjU1ZjkzZWY0NTczNzE2YmFlZThkNjdlMWExNGZhOGIzY2Q=,playlist,spotify:playlist:464eCO4x6qxdWRoPF0Fuka,https://open.spotify.com/playlist/464eCO4x6qxdWRoPF0Fuka,nataliesearfoss658,https://open.spotify.com/user/nataliesearfoss658,https://api.spotify.com/v1/users/nataliesearfoss658,nataliesearfoss658,user,spotify:user:nataliesearfoss658,https://api.spotify.com/v1/playlists/464eCO4x6qxdWRoPF0Fuka/tracks,235
76,False,,https://api.spotify.com/v1/playlists/2zWNeciuPNufnzGXm1Fgge,2zWNeciuPNufnzGXm1Fgge,"[{'height': 640, 'url': 'https://mosaic.scdn.co/640/ab67616d0000b273595101c281d7e229e1f0e6c4ab67616d0000b2738940ac99f49e44f59e6f7fb3ab67616d0000b273dbf3c10406ac999c39bf4a97ab67616d0000b273eb13fbc012815ea6e834e842', 'width': 640}, {'height': 300, 'url': 'https://mosaic.scdn.co/300/ab67616d0000b273595101c281d7e229e1f0e6c4ab67616d0000b2738940ac99f49e44f59e6f7fb3ab67616d0000b273dbf3c10406ac999c39bf4a97ab67616d0000b273eb13fbc012815ea6e834e842', 'width': 300}, {'height': 60, 'url': 'https://mosaic.scdn.co/60/ab67616d0000b273595101c281d7e229e1f0e6c4ab67616d0000b2738940ac99f49e44f59e6f7fb3ab67616d0000b273dbf3c10406ac999c39bf4a97ab67616d0000b273eb13fbc012815ea6e834e842', 'width': 60}]",post apocalyptic barbecue,,,MTQ0LDkwMzRjOTIyMzFhZGUyMzhkYjhmM2UzZjdmNmNjODgxZTFjZWE5YWE=,playlist,spotify:playlist:2zWNeciuPNufnzGXm1Fgge,https://open.spotify.com/playlist/2zWNeciuPNufnzGXm1Fgge,jacküêô,https://open.spotify.com/user/wylie..h,https://api.spotify.com/v1/users/wylie..h,wylie..h,user,spotify:user:wylie..h,https://api.spotify.com/v1/playlists/2zWNeciuPNufnzGXm1Fgge/tracks,101
77,False,"Tous les meilleurs hits pour accompagner ton barbecue avec tes amis cet √©t√© ! Avec T√©o Lavabo, Patrick S√©bastien, Collectif M√©tiss√©, Lucenzo, Vegedream, Kendji Girac, Keen'V, Gilbert Montagn√©...",https://api.spotify.com/v1/playlists/1p8Ukmw4b1VPijYgASctjf,1p8Ukmw4b1VPijYgASctjf,"[{'height': None, 'url': 'https://i.scdn.co/image/ab67706c0000bebb5ea0e6a82a9e7a9f9ca80072', 'width': None}]",Ap√©ro & Chipo ! Hits Barbecue Party,,,OTEsZDExZTRiMTlmZjQ0Y2FjZWU4OTkyYTg2N2MyOTJiOWM2ZDY5NjI0Mg==,playlist,spotify:playlist:1p8Ukmw4b1VPijYgASctjf,https://open.spotify.com/playlist/1p8Ukmw4b1VPijYgASctjf,Digster France,https://open.spotify.com/user/digster.fr,https://api.spotify.com/v1/users/digster.fr,digster.fr,user,spotify:user:digster.fr,https://api.spotify.com/v1/playlists/1p8Ukmw4b1VPijYgASctjf/tracks,33
78,False,,https://api.spotify.com/v1/playlists/7FmWHD1KNB9U0vyfERCpSh,7FmWHD1KNB9U0vyfERCpSh,"[{'height': 640, 'url': 'https://mosaic.scdn.co/640/ab67616d0000b27350570144b4a9a459406f9a3dab67616d0000b2737945c446f2e9b65804fe9ae1ab67616d0000b273cb476cd90c6793092d5912abab67616d0000b273f15af64cbad45e76c710518b', 'width': 640}, {'height': 300, 'url': 'https://mosaic.scdn.co/300/ab67616d0000b27350570144b4a9a459406f9a3dab67616d0000b2737945c446f2e9b65804fe9ae1ab67616d0000b273cb476cd90c6793092d5912abab67616d0000b273f15af64cbad45e76c710518b', 'width': 300}, {'height': 60, 'url': 'https://mosaic.scdn.co/60/ab67616d0000b27350570144b4a9a459406f9a3dab67616d0000b2737945c446f2e9b65804fe9ae1ab67616d0000b273cb476cd90c6793092d5912abab67616d0000b273f15af64cbad45e76c710518b', 'width': 60}]",Barbecue sauce ,,,NDMsZGE5MTZkNTk4YmJjZjA3YzgyZGE4OGVjMzdkNDU4YzExYWZiMDNmNw==,playlist,spotify:playlist:7FmWHD1KNB9U0vyfERCpSh,https://open.spotify.com/playlist/7FmWHD1KNB9U0vyfERCpSh,Mitch Salvestro,https://open.spotify.com/user/mitch.salvestro,https://api.spotify.com/v1/users/mitch.salvestro,mitch.salvestro,user,spotify:user:mitch.salvestro,https://api.spotify.com/v1/playlists/7FmWHD1KNB9U0vyfERCpSh/tracks,42
79,False,,https://api.spotify.com/v1/playlists/3ilI9hsbtG1c7rPF8G8u2c,3ilI9hsbtG1c7rPF8G8u2c,"[{'height': 640, 'url': 'https://mosaic.scdn.co/640/ab67616d0000b2732dd1ac4a61495080ef8f78caab67616d0000b2733c6ebc51dba29a2cef992c6eab67616d0000b273406716cbd6aaf0ba15e4ff2bab67616d0000b273a736b5d3e3bffdde54aa22c5', 'width': 640}, {'height': 300, 'url': 'https://mosaic.scdn.co/300/ab67616d0000b2732dd1ac4a61495080ef8f78caab67616d0000b2733c6ebc51dba29a2cef992c6eab67616d0000b273406716cbd6aaf0ba15e4ff2bab67616d0000b273a736b5d3e3bffdde54aa22c5', 'width': 300}, {'height': 60, 'url': 'https://mosaic.scdn.co/60/ab67616d0000b2732dd1ac4a61495080ef8f78caab67616d0000b2733c6ebc51dba29a2cef992c6eab67616d0000b273406716cbd6aaf0ba15e4ff2bab67616d0000b273a736b5d3e3bffdde54aa22c5', 'width': 60}]",Barbecue,,,NDc2LDMyNTM5NDYxMDcyY2E0ZTc2ZWQ4OTAyNzM1YjM3NmI4NjEzZTY2ZTg=,playlist,spotify:playlist:3ilI9hsbtG1c7rPF8G8u2c,https://open.spotify.com/playlist/3ilI9hsbtG1c7rPF8G8u2c,Ganj√º,https://open.spotify.com/user/qwuyv0bh7hd7fioihzsitfpt6,https://api.spotify.com/v1/users/qwuyv0bh7hd7fioihzsitfpt6,qwuyv0bh7hd7fioihzsitfpt6,user,spotify:user:qwuyv0bh7hd7fioihzsitfpt6,https://api.spotify.com/v1/playlists/3ilI9hsbtG1c7rPF8G8u2c/tracks,457
80,False,,https://api.spotify.com/v1/playlists/1YEG7H0AR9ccDlCoMpZumC,1YEG7H0AR9ccDlCoMpZumC,"[{'height': 640, 'url': 'https://mosaic.scdn.co/640/ab67616d0000b2730f7ad6d8d829906c17cae210ab67616d0000b27325b055377757b3cdd6f26b78ab67616d0000b2735e2bca5e5a3f48064f2300beab67616d0000b2739ef69f2cf1038634bd541509', 'width': 640}, {'height': 300, 'url': 'https://mosaic.scdn.co/300/ab67616d0000b2730f7ad6d8d829906c17cae210ab67616d0000b27325b055377757b3cdd6f26b78ab67616d0000b2735e2bca5e5a3f48064f2300beab67616d0000b2739ef69f2cf1038634bd541509', 'width': 300}, {'height': 60, 'url': 'https://mosaic.scdn.co/60/ab67616d0000b2730f7ad6d8d829906c17cae210ab67616d0000b27325b055377757b3cdd6f26b78ab67616d0000b2735e2bca5e5a3f48064f2300beab67616d0000b2739ef69f2cf1038634bd541509', 'width': 60}]",Barbecue,,,MjQ2LGNkZGYwMzlhYjE4YzVlNGM5NTA0NDdmZTcwMWViMjIxNGY5NTA2MjE=,playlist,spotify:playlist:1YEG7H0AR9ccDlCoMpZumC,https://open.spotify.com/playlist/1YEG7H0AR9ccDlCoMpZumC,Jenny M√∂ri,https://open.spotify.com/user/117541050,https://api.spotify.com/v1/users/117541050,117541050,user,spotify:user:117541050,https://api.spotify.com/v1/playlists/1YEG7H0AR9ccDlCoMpZumC/tracks,212
81,False,,https://api.spotify.com/v1/playlists/7Gn5rGOwONUnFT0CvfHMzR,7Gn5rGOwONUnFT0CvfHMzR,"[{'height': 640, 'url': 'https://mosaic.scdn.co/640/ab67616d0000b273248a1fed548434258c112e34ab67616d0000b2737e09670f90cd47b3fb9a23e0ab67616d0000b2738b661bd40fbd8c6fbb26e3dfab67616d0000b273d400d27cba05bb0545533864', 'width': 640}, {'height': 300, 'url': 'https://mosaic.scdn.co/300/ab67616d0000b273248a1fed548434258c112e34ab67616d0000b2737e09670f90cd47b3fb9a23e0ab67616d0000b2738b661bd40fbd8c6fbb26e3dfab67616d0000b273d400d27cba05bb0545533864', 'width': 300}, {'height': 60, 'url': 'https://mosaic.scdn.co/60/ab67616d0000b273248a1fed548434258c112e34ab67616d0000b2737e09670f90cd47b3fb9a23e0ab67616d0000b2738b661bd40fbd8c6fbb26e3dfab67616d0000b273d400d27cba05bb0545533864', 'width': 60}]",Sunday Barbecue,,,OTMsZjI3NGYzZGRlZjlmOWE1MDJmNmYxNjM5ZDdmNGY3ZTUxYmY5YWU1MQ==,playlist,spotify:playlist:7Gn5rGOwONUnFT0CvfHMzR,https://open.spotify.com/playlist/7Gn5rGOwONUnFT0CvfHMzR,"ldell9/7, 20 very 564t59/66",https://open.spotify.com/user/ldellagiovanna,https://api.spotify.com/v1/users/ldellagiovanna,ldellagiovanna,user,spotify:user:ldellagiovanna,https://api.spotify.com/v1/playlists/7Gn5rGOwONUnFT0CvfHMzR/tracks,92
82,False,,https://api.spotify.com/v1/playlists/4w0A9skqDmjVniDqSUDap5,4w0A9skqDmjVniDqSUDap5,"[{'height': 640, 'url': 'https://mosaic.scdn.co/640/ab67616d0000b273243df5787daefc2ab783844cab67616d0000b2735be34ac9533490e9a764faddab67616d0000b27393c162b42621a123f78f308eab67616d0000b2739ac61b549ad39e5af30e340e', 'width': 640}, {'height': 300, 'url': 'https://mosaic.scdn.co/300/ab67616d0000b273243df5787daefc2ab783844cab67616d0000b2735be34ac9533490e9a764faddab67616d0000b27393c162b42621a123f78f308eab67616d0000b2739ac61b549ad39e5af30e340e', 'width': 300}, {'height': 60, 'url': 'https://mosaic.scdn.co/60/ab67616d0000b273243df5787daefc2ab783844cab67616d0000b2735be34ac9533490e9a764faddab67616d0000b27393c162b42621a123f78f308eab67616d0000b2739ac61b549ad39e5af30e340e', 'width': 60}]",Afternoon barbecue,,,MzMsNDFmMjhiNzI3OTllZTk0NDFmMTQzYmJkYzlhNDhjYzcwMmYzNjFiMQ==,playlist,spotify:playlist:4w0A9skqDmjVniDqSUDap5,https://open.spotify.com/playlist/4w0A9skqDmjVniDqSUDap5,phantom.cyrano,https://open.spotify.com/user/phantom.cyrano,https://api.spotify.com/v1/users/phantom.cyrano,phantom.cyrano,user,spotify:user:phantom.cyrano,https://api.spotify.com/v1/playlists/4w0A9skqDmjVniDqSUDap5/tracks,32
83,False,,https://api.spotify.com/v1/playlists/2AhqxHSd3oPGgN4vlDJvoh,2AhqxHSd3oPGgN4vlDJvoh,"[{'height': 640, 'url': 'https://mosaic.scdn.co/640/ab67616d0000b27373a8b8f4292ed4f6fb53b69cab67616d0000b273a9929deb093a6617d2493b03ab67616d0000b273cb3f67e8026e2e493a1e8262ab67616d0000b273e0dd719897dd60694ce7593d', 'width': 640}, {'height': 300, 'url': 'https://mosaic.scdn.co/300/ab67616d0000b27373a8b8f4292ed4f6fb53b69cab67616d0000b273a9929deb093a6617d2493b03ab67616d0000b273cb3f67e8026e2e493a1e8262ab67616d0000b273e0dd719897dd60694ce7593d', 'width': 300}, {'height': 60, 'url': 'https://mosaic.scdn.co/60/ab67616d0000b27373a8b8f4292ed4f6fb53b69cab67616d0000b273a9929deb093a6617d2493b03ab67616d0000b273cb3f67e8026e2e493a1e8262ab67616d0000b273e0dd719897dd60694ce7593d', 'width': 60}]",Indie Barbecue,,,ODgsZmIwNjM2ZWNmYjUyNWFiODg2ZjI4OTVmODE0MmM2ODk4OTBhYjIzNg==,playlist,spotify:playlist:2AhqxHSd3oPGgN4vlDJvoh,https://open.spotify.com/playlist/2AhqxHSd3oPGgN4vlDJvoh,Rudy,https://open.spotify.com/user/4hj0xg8zvasisnk84zgi2i9vd,https://api.spotify.com/v1/users/4hj0xg8zvasisnk84zgi2i9vd,4hj0xg8zvasisnk84zgi2i9vd,user,spotify:user:4hj0xg8zvasisnk84zgi2i9vd,https://api.spotify.com/v1/playlists/2AhqxHSd3oPGgN4vlDJvoh/tracks,87
84,False,,https://api.spotify.com/v1/playlists/5is3Z2zMczEqwjERS5Sh2i,5is3Z2zMczEqwjERS5Sh2i,"[{'height': 640, 'url': 'https://mosaic.scdn.co/640/ab67616d0000b27334ce9a9dde9c057225509276ab67616d0000b27335590cb9280d5a1f5221ae1aab67616d0000b273933c057f5b70aea02f7a42ddab67616d0000b273ccdcbd450e42fc7b27a82a1f', 'width': 640}, {'height': 300, 'url': 'https://mosaic.scdn.co/300/ab67616d0000b27334ce9a9dde9c057225509276ab67616d0000b27335590cb9280d5a1f5221ae1aab67616d0000b273933c057f5b70aea02f7a42ddab67616d0000b273ccdcbd450e42fc7b27a82a1f', 'width': 300}, {'height': 60, 'url': 'https://mosaic.scdn.co/60/ab67616d0000b27334ce9a9dde9c057225509276ab67616d0000b27335590cb9280d5a1f5221ae1aab67616d0000b273933c057f5b70aea02f7a42ddab67616d0000b273ccdcbd450e42fc7b27a82a1f', 'width': 60}]",LF Barbecue,,,NTA0LDljZmMzM2M3NTBkMjRlOWM1MDhiM2Y2YzBiNGU5ZTI4Njk2ZmU1ZTY=,playlist,spotify:playlist:5is3Z2zMczEqwjERS5Sh2i,https://open.spotify.com/playlist/5is3Z2zMczEqwjERS5Sh2i,lucascfag,https://open.spotify.com/user/costalucasf,https://api.spotify.com/v1/users/costalucasf,costalucasf,user,spotify:user:costalucasf,https://api.spotify.com/v1/playlists/5is3Z2zMczEqwjERS5Sh2i/tracks,242
85,False,A flavour of Chip with a kick,https://api.spotify.com/v1/playlists/7m6iqQaLQ1850sx3vW2FUY,7m6iqQaLQ1850sx3vW2FUY,"[{'height': None, 'url': 'https://i.scdn.co/image/ab67706c0000bebbe08fa23a7691f551b5701b9c', 'width': None}]",Barbecue,,,MjIyLGNlZDJlNjNhZmRiYTdjZGUxOTM4ZjZmNGQzMTAxNDllOWM4NDA4OWU=,playlist,spotify:playlist:7m6iqQaLQ1850sx3vW2FUY,https://open.spotify.com/playlist/7m6iqQaLQ1850sx3vW2FUY,JJ,https://open.spotify.com/user/knvru3mrr4ynh3masraez7ge6,https://api.spotify.com/v1/users/knvru3mrr4ynh3masraez7ge6,knvru3mrr4ynh3masraez7ge6,user,spotify:user:knvru3mrr4ynh3masraez7ge6,https://api.spotify.com/v1/playlists/7m6iqQaLQ1850sx3vW2FUY/tracks,197
86,False,Alt rock hits for your throwback BBQ,https://api.spotify.com/v1/playlists/02xvZc2PCnh3H8WVTnmaam,02xvZc2PCnh3H8WVTnmaam,"[{'height': 640, 'url': 'https://mosaic.scdn.co/640/ab67616d0000b2732f7a3093d59b6137d927a5d4ab67616d0000b2735124ed45a94033830b320500ab67616d0000b2737ed1df1690df31d094d7c2bcab67616d0000b273e175a19e530c898d167d39bf', 'width': 640}, {'height': 300, 'url': 'https://mosaic.scdn.co/300/ab67616d0000b2732f7a3093d59b6137d927a5d4ab67616d0000b2735124ed45a94033830b320500ab67616d0000b2737ed1df1690df31d094d7c2bcab67616d0000b273e175a19e530c898d167d39bf', 'width': 300}, {'height': 60, 'url': 'https://mosaic.scdn.co/60/ab67616d0000b2732f7a3093d59b6137d927a5d4ab67616d0000b2735124ed45a94033830b320500ab67616d0000b2737ed1df1690df31d094d7c2bcab67616d0000b273e175a19e530c898d167d39bf', 'width': 60}]",90s and 2000s Barbecue,,,MTU3LDQ0MmMzOTMzYzExMWUzNGMyMzg1YWU0MjAwZTg5NjFhOGIxMDY5MTc=,playlist,spotify:playlist:02xvZc2PCnh3H8WVTnmaam,https://open.spotify.com/playlist/02xvZc2PCnh3H8WVTnmaam,Kendall Irwin,https://open.spotify.com/user/1211814548,https://api.spotify.com/v1/users/1211814548,1211814548,user,spotify:user:1211814548,https://api.spotify.com/v1/playlists/02xvZc2PCnh3H8WVTnmaam/tracks,152
87,False,,https://api.spotify.com/v1/playlists/7DzT2awv8Zj75qotjLa1rs,7DzT2awv8Zj75qotjLa1rs,"[{'height': 640, 'url': 'https://mosaic.scdn.co/640/ab67616d0000b2732519d01c0cca06f134eeadd8ab67616d0000b27332f1572738340ddc9569c54bab67616d0000b2738e3a164e8131a58a31c5535cab67616d0000b27396136a2ab5696812e9b26723', 'width': 640}, {'height': 300, 'url': 'https://mosaic.scdn.co/300/ab67616d0000b2732519d01c0cca06f134eeadd8ab67616d0000b27332f1572738340ddc9569c54bab67616d0000b2738e3a164e8131a58a31c5535cab67616d0000b27396136a2ab5696812e9b26723', 'width': 300}, {'height': 60, 'url': 'https://mosaic.scdn.co/60/ab67616d0000b2732519d01c0cca06f134eeadd8ab67616d0000b27332f1572738340ddc9569c54bab67616d0000b2738e3a164e8131a58a31c5535cab67616d0000b27396136a2ab5696812e9b26723', 'width': 60}]",Barbecue / Campfire,,,MjUxLGEwYWM1NTYyZGVkOWUxOWI0YTRiNjExYWVhMmI0MDQ5OGFjNTBiMGI=,playlist,spotify:playlist:7DzT2awv8Zj75qotjLa1rs,https://open.spotify.com/playlist/7DzT2awv8Zj75qotjLa1rs,Alexander H√§de,https://open.spotify.com/user/1121786513,https://api.spotify.com/v1/users/1121786513,1121786513,user,spotify:user:1121786513,https://api.spotify.com/v1/playlists/7DzT2awv8Zj75qotjLa1rs/tracks,212
88,False,,https://api.spotify.com/v1/playlists/5XBhF2wDeTex65dtvikfy8,5XBhF2wDeTex65dtvikfy8,"[{'height': None, 'url': 'https://i.scdn.co/image/ab67706c0000bebb635226fc0d36707b87872061', 'width': None}]",barbecue,,,NTgsZjdkMTdjYjE3ZDIyYzMzNjdkZjM5YmFhOThlYzgyMzlkNGQ2MTIzYw==,playlist,spotify:playlist:5XBhF2wDeTex65dtvikfy8,https://open.spotify.com/playlist/5XBhF2wDeTex65dtvikfy8,jodifriend,https://open.spotify.com/user/jodifriend,https://api.spotify.com/v1/users/jodifriend,jodifriend,user,spotify:user:jodifriend,https://api.spotify.com/v1/playlists/5XBhF2wDeTex65dtvikfy8/tracks,51
89,False,,https://api.spotify.com/v1/playlists/5WMaLqg879W0F6n9xidZD4,5WMaLqg879W0F6n9xidZD4,"[{'height': None, 'url': 'https://i.scdn.co/image/ab67706c0000bebb9d6a24e53b5e305064f579e0', 'width': None}]",barbecue sauce,,,NTcsZmY5ZTVlYzNmZjllYjEzODA1OGIzNDUxNWZhNzgyNjNkMmZiYjdlYw==,playlist,spotify:playlist:5WMaLqg879W0F6n9xidZD4,https://open.spotify.com/playlist/5WMaLqg879W0F6n9xidZD4,kai,https://open.spotify.com/user/krbotts02,https://api.spotify.com/v1/users/krbotts02,krbotts02,user,spotify:user:krbotts02,https://api.spotify.com/v1/playlists/5WMaLqg879W0F6n9xidZD4/tracks,51
90,False,,https://api.spotify.com/v1/playlists/3a1E0GPWNedmRBUna8YkYC,3a1E0GPWNedmRBUna8YkYC,"[{'height': None, 'url': 'https://i.scdn.co/image/ab67706c0000bebb3321c35f99a2f9e3dc39b14f', 'width': None}]",Barbecue 2021,,,MTMyLDdlN2I3ZGQ1OGM3ZjA3MDNjMWU1NGMwNGNlZGFjOTk3OTAxMmZkYjE=,playlist,spotify:playlist:3a1E0GPWNedmRBUna8YkYC,https://open.spotify.com/playlist/3a1E0GPWNedmRBUna8YkYC,Jennie,https://open.spotify.com/user/2apo8xsjtuayrhlcwmhvm1la5,https://api.spotify.com/v1/users/2apo8xsjtuayrhlcwmhvm1la5,2apo8xsjtuayrhlcwmhvm1la5,user,spotify:user:2apo8xsjtuayrhlcwmhvm1la5,https://api.spotify.com/v1/playlists/3a1E0GPWNedmRBUna8YkYC/tracks,85
91,False,,https://api.spotify.com/v1/playlists/7FKdphDkkvaU4sK10hCzcA,7FKdphDkkvaU4sK10hCzcA,"[{'height': 640, 'url': 'https://mosaic.scdn.co/640/ab67616d0000b27303bb9e103697ae15187f16d8ab67616d0000b27331621e43d777a40b589f1bd3ab67616d0000b273364bb03ea3e27ddf9323120eab67616d0000b273b04cfa3ddf912cbaccbb1b5e', 'width': 640}, {'height': 300, 'url': 'https://mosaic.scdn.co/300/ab67616d0000b27303bb9e103697ae15187f16d8ab67616d0000b27331621e43d777a40b589f1bd3ab67616d0000b273364bb03ea3e27ddf9323120eab67616d0000b273b04cfa3ddf912cbaccbb1b5e', 'width': 300}, {'height': 60, 'url': 'https://mosaic.scdn.co/60/ab67616d0000b27303bb9e103697ae15187f16d8ab67616d0000b27331621e43d777a40b589f1bd3ab67616d0000b273364bb03ea3e27ddf9323120eab67616d0000b273b04cfa3ddf912cbaccbb1b5e', 'width': 60}]",Barbecue,,,ODAsYTAxY2I4YTc1YjVmZGM3Njc4NWFkMDg5MDM4ZWNjMjQ5MTdkYWFkNw==,playlist,spotify:playlist:7FKdphDkkvaU4sK10hCzcA,https://open.spotify.com/playlist/7FKdphDkkvaU4sK10hCzcA,Nounanou Nounanou,https://open.spotify.com/user/1110584449,https://api.spotify.com/v1/users/1110584449,1110584449,user,spotify:user:1110584449,https://api.spotify.com/v1/playlists/7FKdphDkkvaU4sK10hCzcA/tracks,63
92,False,,https://api.spotify.com/v1/playlists/2jr2BBefoABW5ZrtOd8zsM,2jr2BBefoABW5ZrtOd8zsM,"[{'height': 640, 'url': 'https://mosaic.scdn.co/640/ab67616d0000b2731ef66c9ed1ce4ba8ce7433f5ab67616d0000b2736359adcd4f7c993b36d7a409ab67616d0000b27383803df78b7dd21d4fed27e4ab67616d0000b273f99e29660d585bfcfa75346a', 'width': 640}, {'height': 300, 'url': 'https://mosaic.scdn.co/300/ab67616d0000b2731ef66c9ed1ce4ba8ce7433f5ab67616d0000b2736359adcd4f7c993b36d7a409ab67616d0000b27383803df78b7dd21d4fed27e4ab67616d0000b273f99e29660d585bfcfa75346a', 'width': 300}, {'height': 60, 'url': 'https://mosaic.scdn.co/60/ab67616d0000b2731ef66c9ed1ce4ba8ce7433f5ab67616d0000b2736359adcd4f7c993b36d7a409ab67616d0000b27383803df78b7dd21d4fed27e4ab67616d0000b273f99e29660d585bfcfa75346a', 'width': 60}]",barbecue soundtrack,,,MTczMSxlZmZmZmFlNTk5ZWQwNDkwNzQ1ZThlYWVkNTcxNmE5YTE0YWUxM2Jh,playlist,spotify:playlist:2jr2BBefoABW5ZrtOd8zsM,https://open.spotify.com/playlist/2jr2BBefoABW5ZrtOd8zsM,daniel_mik,https://open.spotify.com/user/daniel_mik,https://api.spotify.com/v1/users/daniel_mik,daniel_mik,user,spotify:user:daniel_mik,https://api.spotify.com/v1/playlists/2jr2BBefoABW5ZrtOd8zsM/tracks,1737
93,False,"Music to drink an IPA to. Fun, eclectic mix of indie, radio faves, and new music to keep any BBQ alive. Frequently updated!",https://api.spotify.com/v1/playlists/0zEba1Atr2QiMnchb5Q2lC,0zEba1Atr2QiMnchb5Q2lC,"[{'height': None, 'url': 'https://i.scdn.co/image/ab67706c0000bebbb90489a61536a4b04a200d08', 'width': None}]",Hipster Brooklyn Barbecue,,,MjMxLGRjZWYwY2M3ZTBmY2YxZGM3MzcwNGE1OTRhN2JmYTIzOTNlOTIwZmI=,playlist,spotify:playlist:0zEba1Atr2QiMnchb5Q2lC,https://open.spotify.com/playlist/0zEba1Atr2QiMnchb5Q2lC,brooklynmadeboss,https://open.spotify.com/user/brooklynmadeboss,https://api.spotify.com/v1/users/brooklynmadeboss,brooklynmadeboss,user,spotify:user:brooklynmadeboss,https://api.spotify.com/v1/playlists/0zEba1Atr2QiMnchb5Q2lC/tracks,169
94,False,,https://api.spotify.com/v1/playlists/09YDSfSROoJXDJVUqmXWE8,09YDSfSROoJXDJVUqmXWE8,"[{'height': 640, 'url': 'https://mosaic.scdn.co/640/ab67616d0000b2735af0305457ff290e06dcc4c2ab67616d0000b273ae8b07ecdcf7aadefe00264fab67616d0000b273af149eb4002f65f83afc63c4ab67616d0000b273e60b56aa1e58fe76240a101b', 'width': 640}, {'height': 300, 'url': 'https://mosaic.scdn.co/300/ab67616d0000b2735af0305457ff290e06dcc4c2ab67616d0000b273ae8b07ecdcf7aadefe00264fab67616d0000b273af149eb4002f65f83afc63c4ab67616d0000b273e60b56aa1e58fe76240a101b', 'width': 300}, {'height': 60, 'url': 'https://mosaic.scdn.co/60/ab67616d0000b2735af0305457ff290e06dcc4c2ab67616d0000b273ae8b07ecdcf7aadefe00264fab67616d0000b273af149eb4002f65f83afc63c4ab67616d0000b273e60b56aa1e58fe76240a101b', 'width': 60}]",barbecue shapes,,,ODEsNjQwZWE2MDJlYWZjMDlmMzVkMzMyNzE0ZTZlM2Q2NmY0MTE3NWMxYw==,playlist,spotify:playlist:09YDSfSROoJXDJVUqmXWE8,https://open.spotify.com/playlist/09YDSfSROoJXDJVUqmXWE8,zakpoynder,https://open.spotify.com/user/zakpoynder,https://api.spotify.com/v1/users/zakpoynder,zakpoynder,user,spotify:user:zakpoynder,https://api.spotify.com/v1/playlists/09YDSfSROoJXDJVUqmXWE8/tracks,42
95,False,,https://api.spotify.com/v1/playlists/3l0Mgub05p1v1r4GCoM6r6,3l0Mgub05p1v1r4GCoM6r6,"[{'height': 640, 'url': 'https://mosaic.scdn.co/640/ab67616d0000b27361a02bd4428cc8d26dbef4f0ab67616d0000b2738ff7c3580d429c8212b9a3b6ab67616d0000b273a01a4f5043f897e4d5fdb025ab67616d0000b273e35e2e2a4bfa8a30a78fc532', 'width': 640}, {'height': 300, 'url': 'https://mosaic.scdn.co/300/ab67616d0000b27361a02bd4428cc8d26dbef4f0ab67616d0000b2738ff7c3580d429c8212b9a3b6ab67616d0000b273a01a4f5043f897e4d5fdb025ab67616d0000b273e35e2e2a4bfa8a30a78fc532', 'width': 300}, {'height': 60, 'url': 'https://mosaic.scdn.co/60/ab67616d0000b27361a02bd4428cc8d26dbef4f0ab67616d0000b2738ff7c3580d429c8212b9a3b6ab67616d0000b273a01a4f5043f897e4d5fdb025ab67616d0000b273e35e2e2a4bfa8a30a78fc532', 'width': 60}]",Barbecue,,,NDE0LDBmZjNhOTYwNjIxZjg0MGFhZjQ5ZWQ1YzBhYTgzZDBhNzUyOTc4OTY=,playlist,spotify:playlist:3l0Mgub05p1v1r4GCoM6r6,https://open.spotify.com/playlist/3l0Mgub05p1v1r4GCoM6r6,Alejandro Guti√©rrez Bray,https://open.spotify.com/user/1224330786,https://api.spotify.com/v1/users/1224330786,1224330786,user,spotify:user:1224330786,https://api.spotify.com/v1/playlists/3l0Mgub05p1v1r4GCoM6r6/tracks,317
96,False,,https://api.spotify.com/v1/playlists/23qPvJshmE7nWmXuphiT9d,23qPvJshmE7nWmXuphiT9d,"[{'height': 640, 'url': 'https://mosaic.scdn.co/640/ab67616d0000b27333c6b920eabcf4c00d7a1093ab67616d0000b273584302fee10c0d0a12c40c97ab67616d0000b273677c540448268b663711ca81ab67616d0000b273dcd10f37562fb88ad057720a', 'width': 640}, {'height': 300, 'url': 'https://mosaic.scdn.co/300/ab67616d0000b27333c6b920eabcf4c00d7a1093ab67616d0000b273584302fee10c0d0a12c40c97ab67616d0000b273677c540448268b663711ca81ab67616d0000b273dcd10f37562fb88ad057720a', 'width': 300}, {'height': 60, 'url': 'https://mosaic.scdn.co/60/ab67616d0000b27333c6b920eabcf4c00d7a1093ab67616d0000b273584302fee10c0d0a12c40c97ab67616d0000b273677c540448268b663711ca81ab67616d0000b273dcd10f37562fb88ad057720a', 'width': 60}]",Barbecue,,,OTcsMTZiMzQyYjE5YjQxYzViODQ4OTliNzM5ZTllODEwYTA3MWY3YWQ1ZA==,playlist,spotify:playlist:23qPvJshmE7nWmXuphiT9d,https://open.spotify.com/playlist/23qPvJshmE7nWmXuphiT9d,pdadjeu,https://open.spotify.com/user/pdadjeu,https://api.spotify.com/v1/users/pdadjeu,pdadjeu,user,spotify:user:pdadjeu,https://api.spotify.com/v1/playlists/23qPvJshmE7nWmXuphiT9d/tracks,94
97,False,,https://api.spotify.com/v1/playlists/6ieDr1S62WrJ3gpJb0JnFk,6ieDr1S62WrJ3gpJb0JnFk,"[{'height': None, 'url': 'https://i.scdn.co/image/ab67706c0000bebbb0639c9504f8eae0aa3ce342', 'width': None}]",Spanish Barbecue Music,,,MzQsMmU3OGI3NjkzZTI3MGZlYjU0MDA2MGZmYTA2Y2FhOGJiYWZmODQ2ZQ==,playlist,spotify:playlist:6ieDr1S62WrJ3gpJb0JnFk,https://open.spotify.com/playlist/6ieDr1S62WrJ3gpJb0JnFk,BodySlims,https://open.spotify.com/user/mshc3uh2wkby88fd5rbbfey9y,https://api.spotify.com/v1/users/mshc3uh2wkby88fd5rbbfey9y,mshc3uh2wkby88fd5rbbfey9y,user,spotify:user:mshc3uh2wkby88fd5rbbfey9y,https://api.spotify.com/v1/playlists/6ieDr1S62WrJ3gpJb0JnFk/tracks,22
98,False,Very good,https://api.spotify.com/v1/playlists/6BpIvNCi4KzT6Mxbdmn6Nf,6BpIvNCi4KzT6Mxbdmn6Nf,"[{'height': None, 'url': 'https://i.scdn.co/image/ab67706c0000bebb1cd3aaad70fc9a546bc1dc1c', 'width': None}]",Barbecue Pringles,,,NTY3LDQ4ZGRlMTVjOGUwMzAxMjgzZDgzZTBiOGE1YmY4YmU4YzY2N2FmMzc=,playlist,spotify:playlist:6BpIvNCi4KzT6Mxbdmn6Nf,https://open.spotify.com/playlist/6BpIvNCi4KzT6Mxbdmn6Nf,Rebecca,https://open.spotify.com/user/081hajm24dwit31t54w02py7o,https://api.spotify.com/v1/users/081hajm24dwit31t54w02py7o,081hajm24dwit31t54w02py7o,user,spotify:user:081hajm24dwit31t54w02py7o,https://api.spotify.com/v1/playlists/6BpIvNCi4KzT6Mxbdmn6Nf/tracks,534
99,False,,https://api.spotify.com/v1/playlists/6TaohYwSx7aXZRIdaQO204,6TaohYwSx7aXZRIdaQO204,"[{'height': None, 'url': 'https://i.scdn.co/image/ab67706c0000bebbc84e14555dd9b7ec3722f844', 'width': None}]",Barbecue,,,NDE5NSwzNjcyNjllYTYwYjA4M2E1MmFjNjQwMjI2ZGIyOTNmNTUwYzQ5Njll,playlist,spotify:playlist:6TaohYwSx7aXZRIdaQO204,https://open.spotify.com/playlist/6TaohYwSx7aXZRIdaQO204,Angelica Nor√©n,https://open.spotify.com/user/graphix4u_2,https://api.spotify.com/v1/users/graphix4u_2,graphix4u_2,user,spotify:user:graphix4u_2,https://api.spotify.com/v1/playlists/6TaohYwSx7aXZRIdaQO204/tracks,364
